user_a,user_b
864,3504
510,150
6727,3598
4484,2255
1061,1330
7237,169
5918,3376
4886,2860
4498,810
6360,2937
4487,1994
1451,2034
5605,763
63,898
1370,2725
3466,586
1758,3331
5398,2889
1232,1283
7282,3271
6015,3705
1800,2271
2374,128
2319,3847
3919,3726
7191,2813
1848,3507
1153,2543
530,3086
4817,2215
262,1388
7260,3314
82,2846
3483,1963
1201,1206
4258,1512
2841,861
3818,2752
5726,756
3722,1144
1908,2213
1541,969
3025,805
2428,80
6897,456
7044,466
3379,3009
6290,2569
2913,437
1107,335
4109,827
6617,3078
4630,338
6511,1825
7818,2110
397,371
1381,2881
487,3474
2296,3698
1632,2183
4325,3293
412,693
5767,2583
1458,3332
6190,3132
385,1865
6536,358
5274,2612
1755,1260
2330,2965
3374,1525
219,3371
6408,119
7681,2059
4944,1553
5871,3977
6675,129
3740,3846
4708,66
3648,855
6494,454
3944,3565
2245,1676
7721,102
4171,3934
4977,784
7534,106
2105,149
6398,219
2326,2503
4029,3571
5295,3114
5023,103
5449,536
4336,2743
4286,3797
1109,681
7245,3024
4522,3968
2378,786
6411,2526
4918,422
2990,1459
1193,485
5037,1153
4652,2268
7394,3566
4835,157
1772,3813
4199,863
7566,1001
1650,3251
4085,599
3955,3652
3290,2903
6722,3050
6846,766
5422,267
2770,2852
2545,3406
7289,2429
7813,2398
7653,3734
1359,567
414,3277
122,3664
481,1453
7903,2884
7781,3205
7136,1343
5433,996
2900,2370
5769,756
3740,1364
4031,3216
3092,933
1029,3426
6886,3263
3113,670
7096,1291
7962,725
7301,1949
6991,278
6217,1790
7559,3847
5014,468
4011,2908
1604,3600
3855,2898
7046,2035
5847,2059
1751,3197
2166,3814
4050,340
7570,3098
2337,142
1028,1327
5198,3996
7099,2393
7349,2579
4672,1361
6106,1879
7379,882
7895,3654
501,1997
7982,1790
7551,2282
6845,3372
2736,1852
1807,2418
6916,2783
3726,3540
4927,1808
2263,512
4041,2601
6886,1591
4083,1303
4208,2844
983,3354
1040,1592
4318,2137
7321,1256
6236,1888
5578,2564
4373,1719
4383,652
35,3392
4996,3280
7727,172
5796,3101
4573,2330
4640,2815
5636,2285
860,3096
922,3465
4083,3227
4079,2538
4362,3045
336,2785
3394,3449
1228,3788
7175,2422
979,657
3398,2840
2489,375
2107,2567
346,1537
7784,639
3928,1831
4385,1405
6784,850
6596,1475
2059,1140
3719,1481
1792,610
106,2592
6135,272
7435,964
2488,2247
5656,2237
7873,933
5855,402
678,2545
4481,3243
595,1561
7813,2273
6957,1354
4808,2532
1367,3755
5970,776
1937,3383
2373,909
4346,1941
2287,2506
566,2005
4542,3382
7402,1417
6995,2930
4644,3166
5615,2358
472,3190
1610,2551
6853,356
4802,1553
951,3299
6000,1719
5605,1906
5655,692
5114,2800
2230,3549
6385,2128
7805,1141
7449,3001
7964,412
1976,3645
6774,1077
524,1044
6004,2419
2797,500
6262,1919
4366,3055
5541,2344
34,649
3812,2792
475,3125
3493,2223
6669,651
2776,431
1521,424
6461,1379
7046,3586
923,2268
530,549
7177,2057
5511,2095
6121,1314
4928,613
1653,2641
810,240
6769,2238
6592,344
1408,854
7406,763
1683,1143
6807,9
3772,1114
3186,1407
865,94
5007,191
7627,1261
2936,3208
5214,3373
2034,663
227,2661
2595,1626
7937,2953
2061,2988
6283,965
6264,243
1586,1922
7598,3922
3035,1368
96,2026
2380,144
422,3444
7359,51
1700,788
6489,3445
1160,1403
5300,1240
559,1499
2649,3263
551,1895
6409,2416
7759,2375
6074,2948
155,3541
3999,1966
2996,1879
3872,1957
5052,1817
6761,1392
4847,2182
1758,2157
4325,387
6700,2366
3764,2792
5051,849
7922,2716
4864,3339
1240,876
878,2160
3394,1767
2892,2257
6866,1945
7394,1682
6837,2818
5837,3031
829,1330
1522,747
3886,2116
4431,748
4308,436
3309,1334
5329,1086
5682,3626
565,3701
659,1787
6534,1756
5606,2806
1375,2692
4053,1739
116,547
430,2620
2035,653
3224,1248
6662,114
5985,1845
6901,1492
562,2880
1641,2051
6884,386
4363,3926
6891,3129
1995,808
1648,911
189,557
7165,3299
3421,752
4562,2547
5875,906
2580,3267
7762,2753
6629,1228
1018,3835
3599,3012
5469,3549
281,357
1279,3748
3388,3773
182,1983
7280,2738
4497,1287
6367,368
3797,2397
2107,3696
3298,1310
43,2918
1909,2629
2144,2631
1479,3325
1990,2997
5586,1697
5079,425
2739,2259
6217,1532
5995,757
1896,3858
1983,3047
3710,2915
6528,3325
2478,3271
7269,252
2336,2686
468,1202
1366,1561
6207,2127
7773,904
363,1891
3552,3905
12,3637
7255,106
1933,574
1244,163
3883,2752
2014,2323
6337,454
2350,1197
4318,3897
3831,3934
2322,1467
587,2198
2760,804
4760,2225
3597,759
2169,1281
303,2881
489,2170
2688,269
3410,3545
1146,390
3907,1874
7164,2282
1153,1045
2419,72
3828,3387
3988,3894
6466,1619
4037,1681
5689,1412
5467,2769
1958,3198
1726,1832
195,3841
5161,2264
4812,1481
206,1870
7474,3317
2134,2879
4137,3667
2630,1373
2844,1321
1341,1205
1984,2242
2522,1865
4550,2740
3770,3909
2090,2826
3103,1216
7977,2803
1132,3697
271,2437
6924,1035
942,3663
6323,1015
1323,1467
1661,941
2802,2908
4338,1262
73,1369
6891,3296
3906,85
3470,743
7179,1915
6964,3805
31,2979
7596,558
4959,3651
3545,786
3515,757
2422,3111
3914,1729
5498,1579
122,2439
7127,3251
289,3883
2204,3051
5042,1917
6266,3467
5899,675
7267,3345
4458,2406
4110,993
4544,502
6167,1846
1118,3547
4868,1699
6348,1177
4771,2251
4473,1887
6670,3865
5644,1580
1873,669
7704,1662
5090,3876
1583,408
2446,3443
909,3407
7797,3615
3573,1074
7724,2635
4762,3604
4608,2751
2163,3704
2714,2274
2417,3511
7358,2548
589,3536
5101,3499
3258,589
7083,2984
3642,2797
6107,3156
1933,3508
7366,636
4868,1963
7226,1606
1587,2165
1167,399
1988,2512
6981,1827
4968,1988
2825,376
7977,747
214,3656
2012,1949
7609,9
2034,3703
3053,3242
5357,3111
3492,3052
5039,1270
3687,922
4525,658
4180,3239
1923,3543
2887,2979
34,2938
2708,601
2596,2642
3696,648
2432,1859
1583,1148
4441,1384
6375,649
6961,2620
6452,2659
4666,3429
85,3196
1933,2398
7860,2491
628,1312
1667,2805
1697,2380
962,587
1090,1623
4765,3968
3244,3923
3953,1941
6836,2997
3055,1891
4189,2696
1881,3061
7659,2286
4714,31
7254,1294
4114,1150
3290,2975
1823,2190
2411,943
2167,2
6918,3600
7426,2403
1763,2944
5732,2248
4423,1395
2024,1263
6261,1695
5432,3157
6916,1764
4681,216
5132,86
2835,2534
7226,808
5950,2369
2372,3479
7640,2162
182,2672
6403,614
3114,2495
5996,3529
7829,437
4277,3934
4862,3669
4149,3385
2827,3259
2325,3129
6132,521
5659,869
4952,1616
7939,3394
7086,2359
4937,1518
7892,1675
1732,668
2627,3459
3564,844
2980,1903
2748,2118
4283,2845
1203,435
5121,391
2612,1337
4497,1660
3597,1873
2424,553
3796,102
5551,1956
1517,2764
4516,1365
5353,2010
1588,3138
7817,2341
6454,3733
6688,475
3441,1836
4886,1913
2861,1532
265,2153
6055,3299
973,1596
5918,3881
1876,352
970,210
7337,3262
7212,867
7062,627
5696,2382
4838,3816
6288,699
517,3408
162,3509
6723,285
18,2639
2935,3104
4922,2449
2880,2331
1613,3779
1447,2660
6787,2548
3360,505
4974,871
5296,2299
876,827
3880,1225
6965,2166
2255,1721
7124,3757
7134,3124
7411,3507
4580,239
7055,2363
6922,546
6282,331
1969,455
5023,2911
5111,3249
4592,2583
4441,455
3323,1919
3378,155
1387,3577
994,811
4171,2056
1162,3123
21,1275
3699,108
7657,2133
4494,1637
4569,853
1046,189
3105,1703
7570,26
5108,3526
4278,2346
4913,3084
5417,2195
3380,3735
1250,921
7689,2682
3627,3212
4412,3229
3784,3178
6156,722
6705,3192
1022,758
2746,665
5709,735
3219,1928
7678,3336
6892,888
7186,886
4913,134
3413,3110
243,823
2260,3126
358,3924
5291,972
2503,3966
316,871
3350,1295
2940,3168
2945,815
6503,156
7905,3823
5460,2289
413,3174
2467,3794
428,1830
3218,3929
3577,2970
4655,3760
2719,2110
2664,1661
6163,3323
5566,2951
4769,2174
3992,3241
3983,2451
1844,1426
4318,2787
6776,1237
238,3943
3559,1460
5825,1032
2671,357
5272,181
4574,350
6329,3648
2229,610
6674,2966
5589,3880
6648,536
2518,68
456,58
375,52
5998,3672
4207,393
2372,432
802,784
4242,1568
5807,1052
5364,3229
6438,1810
7449,3981
3671,1553
3303,1922
5,1275
4860,2771
7546,581
912,2968
5876,247
374,2945
2237,3872
1,2068
6424,729
5635,3074
3927,2516
561,773
5578,577
2018,2648
7954,732
950,3923
6611,791
4564,2017
7496,2208
7627,1280
2480,3694
6554,1204
2598,2733
6795,1064
14,3460
2041,3394
3371,3167
2355,1602
6286,2814
825,3767
2985,3833
35,3550
5890,334
1569,1400
3,1417
3101,998
5614,1775
2621,1475
3821,2374
2372,2687
455,2212
1816,1332
7663,2803
3486,647
4983,1470
1921,1916
4514,1211
5714,598
7958,3701
3018,2890
7856,1716
4522,1022
2482,1547
5571,3972
7063,2878
18,2541
7112,206
5251,1260
4455,1251
6678,3880
1479,693
6943,3261
4223,3254
7079,3567
3668,2975
2097,2092
3091,2486
1303,765
1216,2361
4050,393
6504,3018
344,2471
7827,3350
3039,3485
598,3939
5376,3578
2053,3094
4663,1964
5061,3935
263,3486
6142,1058
890,3378
7216,3970
7878,1399
157,1163
5835,3495
5540,2396
1657,768
5230,2800
3535,1181
2369,3368
2174,2000
4274,3446
4332,2430
6583,8
7764,3671
1882,1423
1034,1872
5002,3916
6044,2655
3916,214
6484,338
2255,3818
5339,3469
2908,3791
5688,3902
5356,196
2293,1662
4115,1449
2850,2247
7771,647
4275,300
1132,477
3204,3674
5926,3688
4798,1737
1809,2894
6609,1502
108,2278
6753,2785
1186,2088
61,597
4314,237
522,857
2221,1986
7486,1659
2099,2255
5896,2932
6390,670
7949,3875
6600,362
654,1194
6129,1574
5605,3743
832,646
7982,3792
1602,2702
7171,631
2577,2358
5791,469
5636,2934
3364,3982
4548,3700
439,3936
3966,1159
1225,2337
1908,1478
2289,2901
1135,1106
245,2857
79,1853
5992,3791
4866,1174
621,3350
3539,1587
7449,740
2458,3161
5559,3603
7570,1802
7013,3526
4487,2283
3995,1031
3950,2129
140,1950
7887,1320
549,687
5981,3072
6962,625
2214,1236
2848,839
4645,1944
4701,1341
3253,542
5851,928
1824,3237
7156,1242
1750,287
3816,3016
6521,1406
7489,1114
4629,1722
5463,455
109,2977
7216,3083
4016,923
6719,2046
7691,1305
1741,2673
4440,410
3253,551
3636,3866
6665,1838
6766,1271
3667,1114
1754,2720
2166,1340
3590,381
2994,2596
5700,3830
453,3440
7910,2721
3631,1391
1736,3050
6415,1430
327,1313
7081,734
4624,1659
393,3641
1555,1158
3712,3727
1109,2414
1613,1401
1573,548
4376,1849
1574,3473
6871,2900
6987,2967
3923,3917
3746,1152
6917,2912
7943,614
6746,2103
2297,3518
6550,2124
6601,2657
533,604
5358,249
2924,1700
1910,3460
3053,1563
23,1192
6217,1420
228,3540
6736,1166
4315,2990
6613,1473
3099,3998
5613,2951
3058,3926
1749,3837
4180,1756
2355,693
2921,2070
7413,2642
2557,2289
6998,3966
3099,206
6399,1835
5811,2090
4426,2180
4536,200
4065,2928
7495,1629
2757,2467
6401,3735
2027,1088
5945,2987
577,2158
3657,697
2638,566
5311,2271
7479,1879
4405,1079
4253,262
3134,909
996,2053
7356,3362
2959,702
1871,3990
1735,2205
7400,661
4602,967
4475,3169
1632,155
659,2167
5657,132
5759,2817
5043,2392
7402,1879
7751,3856
4425,3411
4866,195
6317,368
1346,1377
4792,3902
534,202
44,3557
4904,2313
287,1554
1399,48
331,3619
4796,977
2242,3083
7022,1878
6270,2435
5665,2013
6230,1230
2953,3444
4429,870
5597,2445
2885,808
2199,2622
1809,2873
3992,1719
1383,2580
3943,3329
7284,881
7002,464
6474,1299
7309,2724
3765,1102
4303,2242
7211,3538
7069,1354
545,3577
5702,3444
250,2889
2861,3692
6234,3015
4653,71
5209,3257
1623,3809
5524,1461
1238,1173
5661,1547
820,3640
4690,2923
2549,754
2635,981
2593,2810
2221,2812
7136,2509
4380,853
7037,234
2637,3586
2125,365
441,1749
1065,742
2093,2307
2646,2613
3326,2887
710,741
6939,3952
3960,1730
699,2281
2042,2232
5492,1922
5134,2153
1005,1792
7275,1771
6764,1822
2906,988
5641,830
1089,450
5956,496
5565,3780
1522,2653
6632,3966
4754,1072
570,2373
6845,2658
7499,1912
4668,1121
7670,1310
2996,125
4826,3586
2108,975
3258,2408
7887,2406
4740,779
989,1390
7791,2292
5628,3487
7613,1113
2491,3168
1184,623
2391,1974
5241,430
2439,653
7291,128
882,3201
7022,2661
1345,1065
848,3206
5774,1633
3734,3923
1723,1971
4048,27
1120,1377
2346,1896
604,850
782,2197
6668,3383
2279,2253
7898,2744
3073,1730
5549,95
268,1606
1726,641
5375,329
3339,1028
5722,3023
740,3634
1411,269
1762,1561
5266,448
4599,2588
168,171
2529,1017
5690,363
761,55
3564,376
4328,2956
1624,3130
6712,1129
1645,581
2952,419
4788,1267
3290,159
1454,3709
5638,1529
2394,2326
6098,336
6035,1411
1497,3473
3733,2874
423,3391
7008,3767
423,252
7989,2741
2611,3863
6077,2223
5835,3122
1481,2739
5666,558
3188,2431
2961,2613
3557,1948
750,1572
7857,3091
6392,3731
7773,3280
1705,2019
1153,3986
6446,3619
7303,3851
1587,510
5203,1435
2007,420
6653,2851
2815,2387
953,1928
3847,2211
1432,1479
3666,1771
7911,2159
6658,179
7861,3871
3779,1495
1395,3517
5762,852
2996,3952
1788,1586
7251,1019
3633,1934
1779,1687
5943,2883
7457,747
3626,3989
5206,2155
6529,2809
1178,1130
4348,3364
2178,60
3897,2799
6746,973
7462,3204
7261,2488
2897,615
1825,2565
2972,868
272,931
1804,913
2000,3581
2944,2495
4228,3163
446,1347
4012,2488
3625,315
3560,2012
79,1791
7194,3061
3039,3878
3240,23
1399,18
5025,1773
668,89
1847,3482
6595,2513
6314,1745
6220,1526
7110,3085
3086,667
7299,1166
6221,1420
4810,2577
1288,347
2647,2506
4335,1775
4153,2880
4914,1349
1143,3718
2293,1442
717,882
1184,3126
5715,3579
6546,2414
7871,2420
373,1431
6721,927
6892,2986
6988,1840
7529,2392
5045,3263
2716,3731
6259,137
4358,2326
967,932
2284,3538
3189,829
3622,2839
2096,1296
7063,1723
5651,323
695,2474
7628,480
1867,2250
4371,1965
246,553
4632,2985
5289,1061
1019,197
2359,792
3957,1180
2372,318
4500,528
4315,549
4707,803
4061,1104
6887,2544
7319,1000
5958,196
2605,287
3907,763
1459,2306
3876,2427
5403,1306
6965,1255
904,1471
3621,2401
3521,1018
589,1056
1985,3605
7953,3977
5163,3618
927,2509
4506,2341
4949,799
5719,1150
4287,48
6628,151
1661,3625
3957,518
7939,2052
3006,1311
7931,2184
2599,442
6277,2495
541,2620
862,1205
4034,2565
2462,1263
5828,1813
7771,422
5259,2555
4460,223
4364,220
4424,328
7931,3452
6348,2864
5021,3725
7067,1924
7611,177
2975,1986
3442,1037
2158,3675
3368,1484
3529,554
6169,1676
894,684
4239,74
813,3195
2928,1733
2855,3179
7729,1713
3954,2783
7913,2011
2665,457
1664,692
6336,61
7430,1404
998,2288
3808,2796
7491,882
7132,3487
673,3269
7206,1598
742,473
1108,1607
5311,2694
2332,1337
4505,3589
5413,2271
4041,1676
1146,1558
12,3780
3419,2173
3560,776
4782,536
3889,475
467,3425
1959,2694
4181,364
5949,3214
7996,2484
2677,2638
2431,1031
5670,3798
7958,2315
1567,3264
1582,3500
6182,746
7798,1668
6233,629
342,3269
1974,2393
192,3846
6646,2275
6238,7
3411,2764
6443,2274
43,2007
2206,2320
7869,1414
5504,661
6672,825
7455,2794
1842,741
667,3877
6302,237
4445,1447
6647,3616
168,162
5745,2415
7623,2532
7503,1032
4006,1476
2438,1427
3197,2824
2177,3561
1191,3761
1342,1132
5713,3972
3733,584
7181,3061
4761,2884
1350,242
3543,388
6350,1353
2364,2910
7508,3735
3667,2646
6385,2350
2667,1561
5409,3202
6294,3059
4943,2833
14,301
5832,877
5747,3686
2898,295
6512,3661
6166,1529
1467,2712
7672,1103
5498,2628
7111,819
7939,3530
592,3765
1660,986
7565,883
4769,1527
1083,3530
5796,2959
265,1433
4847,1525
2220,2958
7045,188
3343,1104
1030,2994
4904,1161
7313,2390
934,2061
5444,3384
3910,715
5535,2444
6597,3215
7878,491
4016,3441
7077,2822
7447,1118
6766,519
5088,3680
6845,486
1079,2829
6877,292
2147,2729
3236,2280
52,2553
6969,1876
3993,1510
1398,1027
1230,3529
6632,3009
4274,185
1395,1670
246,2734
1043,1297
6770,1169
765,3582
6482,3170
2468,963
3821,197
3543,2509
6710,106
4871,2033
1803,696
5735,3665
3499,3798
6572,366
389,3702
6772,3141
2155,894
2179,423
2469,3443
5352,3992
7010,1380
6910,2212
1354,2320
6350,3769
7790,3478
4818,645
5473,2711
724,461
2016,202
4853,2470
1836,2076
650,2452
7737,2561
1441,3933
5054,2011
2785,2697
557,550
7183,1785
3837,1502
1965,672
1826,270
1341,674
3231,3734
7139,1064
2225,120
1064,2717
6636,3551
4763,9
2468,2540
4306,1671
66,3742
1486,1156
7798,1469
5820,2583
139,1348
1368,87
4886,937
4396,1630
2184,745
7286,664
1699,3317
4520,679
4489,787
3849,2935
4720,3379
3961,3801
7602,3439
3089,1246
6017,3357
3625,1298
760,788
4275,562
7756,569
1732,75
4065,1253
1011,209
1017,1268
922,2680
5511,3309
3002,2835
5602,1513
7867,1287
5269,2
3152,1994
2835,1529
3257,2077
1608,1188
5922,644
1546,82
41,2430
6702,220
3965,933
503,3499
2913,772
2858,3136
6160,2192
4477,2051
3899,1252
2925,1995
4462,2237
4719,518
4688,2222
1278,487
2377,641
5395,2602
4606,43
2931,2852
120,1835
2786,1707
1058,3487
1653,2015
2289,1826
2565,1461
2846,1382
3328,94
6543,1482
5977,2712
4692,792
735,2448
5388,3518
4140,179
4456,198
5940,2096
199,2036
509,555
3777,284
45,2432
3648,158
6591,2066
839,1535
6928,3760
598,1285
7830,98
550,1710
4847,3062
7183,3694
3735,3009
1418,1859
5108,948
1872,1270
4684,2237
289,3185
5974,1975
96,1175
6382,559
5083,2885
3617,1619
1705,2723
7848,3065
5229,1670
6898,746
7735,517
4506,3689
1737,1590
632,3364
5878,677
1619,2422
3686,688
2420,1014
6199,450
6166,3391
6462,266
2169,2781
1963,1655
2645,1937
2634,2290
4972,2657
1510,2456
7224,671
1480,563
4292,788
4957,1940
4119,3273
2677,47
2250,3858
6248,1970
4411,760
2963,3107
3546,3265
2560,3510
3169,637
3748,3784
480,3504
5633,1498
886,407
6380,1389
7836,2585
3433,279
3035,780
7794,1600
2718,1216
7958,3260
4066,1356
575,1220
2633,3251
76,3859
2190,498
2268,2298
915,1993
6700,2976
1559,1284
4888,154
2435,677
6654,3427
2147,688
1216,2168
5682,1075
5863,18
2638,303
1829,1761
650,263
5235,1442
3106,2660
1945,2397
1929,1314
1484,2653
3167,1307
2481,44
7295,3150
256,3979
6452,3820
3779,3435
5003,543
7486,3051
4547,3735
745,2222
929,2353
7897,3352
3040,3686
7421,1349
1158,2542
2755,1830
274,1680
474,409
978,2759
5651,3747
720,562
4641,3053
2604,2456
1919,3769
1925,85
1904,127
3729,2278
4962,1128
4557,1997
5356,3014
2318,2914
2294,2062
2229,2614
2680,2003
7296,644
7323,2528
5118,631
955,1202
1243,3762
4366,2224
25,1920
2270,3111
6175,25
1586,3366
1451,109
7179,2483
932,2192
3018,2249
4363,3042
7151,2255
6159,3418
3772,533
2495,1902
6455,3277
6874,3745
15,3364
2370,3050
5718,60
1359,2333
237,1831
2432,2393
1405,2914
6093,2957
3937,3692
664,423
3426,481
385,3931
5082,1463
2393,3788
505,628
6446,2842
1190,3338
4293,3720
7869,3569
2085,2216
6007,3839
2768,1478
4775,2278
4557,2062
6241,810
3040,3291
2741,413
3484,2237
4377,185
6607,3461
6052,2714
6811,2704
1463,3797
6436,2734
4662,281
4965,3470
244,385
5469,1096
6125,786
7463,3878
556,3831
2408,591
6093,2327
1634,3634
4253,240
3685,972
3357,370
4708,1335
1638,1658
3941,2351
1830,2441
2322,1889
7368,2305
557,50
6130,1756
3745,1769
4392,2792
6131,3066
3150,1891
6743,2928
3210,1231
4063,1686
264,1906
7054,3587
5527,972
2187,3424
944,1558
5041,1014
2839,2772
4931,1337
1563,1974
509,2187
1591,1265
3526,3886
6427,1204
4417,106
1540,3818
2946,439
6599,780
6877,2376
1582,2144
4571,116
2233,3154
2054,98
2310,2765
2660,3440
5643,1973
6464,288
7487,1988
4067,160
3608,1856
1122,3412
5680,1654
1233,770
5121,2229
1685,3962
335,3849
7191,3936
5861,1522
4757,3544
2743,3456
5650,3724
5734,45
558,2749
7011,1880
720,2755
6187,985
383,3139
6960,3974
5968,1644
2584,2177
3834,3598
3806,2171
2629,2872
1623,3210
545,460
5199,1346
3795,3649
1490,2515
1418,3988
7686,2942
3152,1805
2485,3605
4636,2569
3177,3374
5060,2313
2416,36
847,2422
6591,3979
5929,2896
7923,3918
816,3090
50,902
7851,195
3504,3160
6362,1371
6862,2668
7592,3247
413,518
7293,2940
3967,1059
7408,3948
3054,146
7514,3656
6231,460
6853,3291
7646,369
772,414
1157,3937
732,1349
5607,1491
5088,3205
5598,1878
4570,1632
2948,609
5413,1199
4183,1753
7896,2250
4342,1343
2397,3223
4424,1715
223,685
6716,1705
4065,2276
4714,1318
4716,1692
2008,2167
4001,3142
4441,1454
2028,2546
7249,731
1753,2134
1427,3843
5313,823
6187,2335
3420,2967
4343,2099
2874,3036
6960,1737
653,3865
4231,1545
4126,27
682,920
2976,2322
6437,3467
3938,3546
2597,1958
2013,2949
4761,949
3373,2694
3633,2149
3165,765
1864,2976
475,314
7198,3428
6538,944
4414,3999
2743,3831
5119,2441
7587,2845
6501,830
3582,3531
3623,983
53,208
5451,2147
7266,1324
6190,1223
7586,59
3360,111
4485,3260
4395,1999
4382,2972
2484,2939
2105,1508
7611,544
3884,60
2621,3229
5190,154
1657,1633
4773,3691
5135,546
5412,3037
1923,2839
4208,3815
6113,3987
1916,1077
5627,1791
5643,3923
2510,1362
426,1110
6339,1807
640,3586
1297,2300
6333,1787
7359,3642
6256,3691
5191,2054
2741,2124
1814,395
1035,1427
7536,3009
2884,250
2929,3750
4885,3209
6702,3479
6989,1920
3258,1036
3683,322
7045,2829
6440,2113
7134,725
4763,387
4121,1793
731,2318
7115,2901
3063,1109
1714,2220
2017,1951
2738,2201
4674,3376
6202,3295
5735,150
4037,1609
2264,1266
4733,39
4553,929
5625,3557
7914,3367
6375,2122
7769,2455
133,2186
4088,1824
1097,72
4248,2807
2081,2956
4628,381
2709,3101
2107,1038
3144,347
4005,1126
797,3003
7910,1679
6133,2176
7201,875
7063,2290
3572,2394
3561,1630
465,457
1179,1546
5868,1783
547,2579
5776,389
1954,1477
3789,1274
870,1750
4108,1392
6473,2271
4931,1790
6518,216
2691,35
1995,2063
7470,3724
3930,133
647,2882
6666,133
2914,1011
411,290
3898,219
839,2156
7521,3727
3971,1678
5842,2213
6373,3271
1506,2339
3487,1282
6229,3619
4201,2517
1677,1536
3261,3731
5726,3105
636,2414
2812,1566
3950,2317
6038,3251
1127,1797
1340,384
6596,887
1659,1722
7317,2502
3465,626
7445,691
603,3552
2836,2551
5845,1228
246,92
7513,2520
5779,3736
5120,1773
2687,2887
1191,161
2085,1572
7841,3106
2957,1060
4874,3458
4157,1392
4923,2782
6651,509
6617,2029
3376,2345
7304,3777
6567,3955
6334,1725
6389,119
2354,1044
755,966
4274,1817
4519,254
5332,2601
1217,2699
3268,3953
5377,2361
4221,124
6773,1269
2003,2653
2336,2655
2476,2294
6647,2510
4367,1859
2437,2688
20,486
5614,796
4859,2416
2448,2279
2713,2280
6661,1151
429,3707
3461,311
2449,352
809,2863
2252,262
3274,2926
324,3037
1800,3359
6097,254
3686,2567
6508,2808
1107,1023
1542,3960
3588,1553
3317,1972
5372,2259
3849,788
5741,2075
2045,1085
2744,222
4105,636
7185,426
853,171
5246,1372
7495,3395
6846,1342
5245,638
5766,2913
5078,391
1254,3539
3755,161
6603,988
988,3952
1182,1435
7492,2600
2889,3832
14,1841
4313,198
7649,883
6590,1879
4087,2052
5808,1659
4940,491
3692,3735
3505,112
1756,3422
319,98
4949,1423
7849,2852
122,3370
5739,3605
7293,3024
799,2298
5766,1910
3950,939
3500,1701
4195,3383
3040,786
3035,1748
7849,3957
4377,3463
6281,1384
630,1484
1919,2206
1781,1059
3366,2941
6261,2807
3195,345
1151,1164
5948,3887
6271,1188
3563,1819
2384,974
7601,3126
6192,333
7584,3471
3475,832
3217,2084
4243,499
2604,1726
5828,3585
4934,3527
7654,579
7845,3177
6644,2394
927,3908
5913,981
5344,3627
7490,3839
3849,187
5390,3401
2806,1177
1314,1231
4248,3943
3802,458
449,2019
602,754
5695,2045
6466,2765
2655,2418
6976,56
5843,137
511,3120
7150,3786
957,894
4747,3606
2298,2141
6030,647
844,1289
7362,2756
208,2118
2658,1953
2426,3626
4531,465
3150,2120
1550,2313
2856,154
3196,819
3573,3370
6521,1003
2948,1213
1051,3514
4023,3708
5900,204
4947,225
5875,3344
2679,3546
7922,3372
3690,829
4872,2426
6477,1769
1813,2050
2415,1108
7358,1397
5823,3862
4263,1060
3932,2353
7581,3835
777,92
4822,2270
2300,2538
5647,2942
21,220
6677,3799
6892,1888
3104,3913
6851,1827
7257,1554
6427,858
2429,164
2658,809
4953,1416
1225,1743
53,3054
7220,1166
1357,1936
7627,570
4090,162
3950,702
2864,1880
3013,2661
224,1973
5492,2283
2366,2698
3182,1345
5725,3219
929,3895
3062,3466
4303,1673
3719,615
3773,2217
152,693
4547,3237
5720,1105
1860,2068
3495,1025
4280,2466
5741,2671
6629,2325
7335,2369
45,188
2498,1015
5376,2195
3423,2272
6705,1717
7031,2904
7143,3647
1560,1858
5290,3229
1614,1150
1309,563
2909,3912
4683,234
681,2733
985,3349
5625,938
5147,3039
528,3267
1795,1426
6971,2748
373,3910
2409,1464
7990,2917
4212,3979
7938,3095
3646,1438
2748,1647
6134,2591
1216,3185
7802,898
149,1822
4055,1177
1278,1022
3819,2635
7855,2792
236,3220
1629,3953
7681,2424
5102,3726
6222,2757
1488,488
7693,2916
4453,924
3287,1819
7708,2187
3843,483
6235,1477
6821,3169
2392,2605
3704,3940
2887,201
3862,378
174,2952
3683,3470
7892,3440
1226,1186
7960,771
6559,357
5469,461
1188,2929
2915,333
5799,2019
1265,413
4296,24
4078,2560
6809,737
5200,2856
670,1123
7147,3872
4531,845
7275,1148
2701,1271
3741,1372
3865,3475
743,1047
256,1619
4824,1609
76,503
2650,1531
1508,400
2052,3948
2675,3318
3084,3865
5543,2051
7258,3950
1238,1770
759,105
6522,2903
804,1735
7773,3205
5575,1485
3920,1014
7361,3733
7061,370
1691,115
1052,1247
5086,3299
4586,2648
513,338
6166,2062
5629,1925
2222,2552
2621,1737
5110,1368
2801,3960
6864,1996
5314,3364
6711,3214
6944,1316
7525,1320
182,153
4629,3831
7487,3067
6755,2203
5938,3493
1231,376
1177,185
1056,1164
6528,2609
37,3309
1032,3747
6551,2462
6363,3088
6874,2702
5562,3306
7970,3982
4977,3104
1010,2797
6252,679
6720,2098
1316,1094
3253,724
4594,1022
6992,3513
68,1332
7402,2377
3885,3325
6100,3695
2326,2565
4252,1900
6994,1467
7919,1015
6416,2461
3096,1109
1065,2395
6695,529
5530,2474
4396,2840
5451,2024
355,179
1613,2887
1322,3586
3555,2201
1388,1330
2871,3510
98,1979
5550,2668
2160,1112
2005,2755
3883,2371
4730,235
6586,2796
152,5
3610,1526
3434,3244
4731,3087
2848,766
7240,394
1647,970
7556,2587
3843,1112
1807,1006
6544,1263
4105,1732
6214,2599
4685,1387
4451,2412
5854,3992
5602,2923
6176,3620
6929,1020
7549,3808
7872,1484
2408,855
4181,1062
7614,1407
573,606
1224,2522
2109,1402
5981,3439
5734,2525
7461,801
2023,3665
696,809
5884,655
6820,1940
1989,2990
4046,635
1265,2087
7728,1083
2649,3297
384,913
4201,1917
6577,1332
7929,3200
3794,3214
3578,3672
1493,2808
2507,3213
5931,1233
4779,3334
2634,3483
4169,3637
5968,1747
952,1184
2753,3307
3774,2509
4844,1861
5196,2153
7277,430
7,2005
3467,3476
5572,109
1473,2470
5587,2262
2586,1255
7666,36
1205,3438
6627,3269
7081,93
152,1710
641,3611
7562,863
872,3824
3176,277
6944,2205
3885,3181
812,438
4170,3408
3598,3037
6467,63
6059,1692
3990,924
7754,1663
6037,466
6587,3307
2133,1667
4628,3423
5567,172
5463,3526
4995,118
1519,3605
1197,220
6681,295
656,3796
6112,3827
862,1052
6912,2150
2522,2051
5804,2883
5348,3729
3116,2164
2163,2003
798,2219
994,1383
3676,3225
417,3424
6078,1802
1612,3895
2422,3323
1944,974
1754,3514
361,3618
5311,1209
4802,1005
2176,2990
2964,948
2974,1833
4855,3316
6721,2578
7606,1060
2845,1887
5700,2087
7088,656
461,1808
1447,1703
40,3506
1121,2919
3752,2755
6923,3400
786,3341
682,3411
1449,3953
1911,1312
5412,1432
1700,1034
1985,2455
6909,2284
5490,3582
426,27
6582,861
6992,1247
5955,3763
6168,270
607,3413
3271,2407
6670,1496
2252,3592
4902,1947
1497,2733
6270,1235
1577,326
4485,1332
5663,3475
6959,409
5775,1054
905,3761
6934,853
46,262
4387,195
2130,3499
6617,1290
3515,961
141,3648
1040,134
7722,1891
3530,2907
7028,2873
2247,2384
489,1448
2493,1102
195,1007
6667,1632
2203,3871
6699,1087
7016,954
1668,1561
1764,3526
7452,2589
2127,206
3819,646
6797,2774
1355,1698
1258,2936
4555,1341
4990,1856
6754,751
2668,3968
2368,542
7556,241
4736,113
968,3399
2490,147
5452,2479
5046,32
7094,1352
1595,1839
4581,3547
7237,700
2223,120
3540,3793
2114,1134
865,1936
7211,1095
3884,256
5941,3486
5808,3025
4458,766
5816,2413
5493,280
2827,3678
7207,992
3587,2006
1816,3589
4988,1278
7910,3563
999,2879
7129,1959
382,2471
5223,3894
3090,3128
978,1786
4736,723
2095,3250
4226,1948
4675,3605
1633,650
1158,2219
585,1453
6729,3528
3765,1436
7091,1702
3145,507
7783,3326
7934,3654
4738,2242
3639,3708
4224,1658
5619,3114
1918,3065
1564,1138
4058,2747
4284,2841
1014,317
1487,2186
6748,1145
7539,426
3003,2493
763,2041
5136,1191
7396,993
5024,959
2655,127
4897,1713
3533,171
5432,2277
6217,2629
797,989
4190,2302
7196,3594
2201,1824
3124,619
7418,3067
5922,3204
1540,1805
5240,1271
4148,2381
6694,2177
5006,3125
2970,3507
5522,1609
1924,1483
654,1096
5362,1167
5773,2894
6939,2214
1325,419
1591,2131
2766,1476
7371,1487
1447,2764
5827,641
7346,3198
3383,28
4423,1938
4624,1749
5767,1370
3908,2208
2223,2575
4220,294
4044,1309
5591,3557
4877,936
1352,2916
3764,1689
155,2961
871,73
2325,314
5795,648
6712,1604
3792,522
101,427
1583,240
3676,3894
1967,2702
160,1366
2463,3870
7158,3579
1471,1313
2571,1491
4527,397
4981,672
7113,1399
1234,3317
1610,542
6221,941
6763,50
6527,3591
5710,1279
2033,2274
4948,506
7360,1233
3851,1062
2265,1051
5829,3971
4900,3347
260,1749
6782,2702
3153,3820
2590,3526
3115,2261
1177,3146
3229,444
896,2527
1896,3516
6247,3512
5984,1573
4225,2605
7571,777
3623,2747
5795,899
7927,2392
6261,3332
3033,3537
6658,2780
3677,3170
7307,3809
4544,1329
489,1726
2254,3815
3138,3963
2081,2892
3608,2661
3911,2462
5179,2939
4417,3149
1695,404
1000,2807
7432,335
5547,763
97,1625
4531,2844
493,2805
7399,1428
1685,1803
395,3186
1439,848
323,3634
1920,3917
1782,951
1288,1551
2446,1927
827,2410
7451,3587
7872,1706
727,1761
499,3320
3396,3273
2837,1702
2802,2440
3683,2423
7645,3220
3524,2222
114,1437
2523,2065
7154,3756
5949,121
2480,59
3260,1753
4084,1264
6626,3561
2,3256
7609,3566
1972,2044
4743,1159
2948,1954
472,2167
102,3426
3955,2026
3346,2211
3310,2501
7263,3186
2142,1455
5067,894
5222,1206
1047,499
7280,1407
4367,2738
58,206
6504,3849
3848,3534
5186,2132
2360,3709
4428,975
434,471
6342,3990
5565,2238
5282,380
6191,579
6276,804
6973,3795
41,3072
304,3969
995,164
7673,3692
5826,293
2075,172
6479,1843
4678,1311
2802,176
5572,1514
7667,524
5324,1166
3741,1055
5045,3689
2814,3009
1092,966
908,3818
6886,3714
7714,1761
633,2076
6439,739
3780,1880
3215,403
647,1743
5307,728
3310,3959
7676,1751
2463,875
2229,1549
6962,119
798,3817
6784,3330
2789,1189
1620,151
6255,223
3135,3282
6652,952
2312,1188
2408,648
4800,3683
3085,1531
7218,466
6918,2764
2873,3080
4623,413
2477,2431
1544,1328
1653,2203
2136,1349
6592,3604
1966,2545
7055,2626
3043,3607
362,1797
2107,1381
1394,1134
5131,3278
4630,654
5556,2847
4128,1849
589,3809
1575,3541
5599,2442
4199,1381
4233,1727
301,3277
644,3306
7660,3137
2241,2004
5678,2062
2159,2208
5156,1189
1753,1892
4062,1183
3883,644
3990,2610
853,237
3174,559
2376,2795
26,3572
3101,2791
96,3797
4181,1120
3676,1122
4539,1060
6680,3060
4646,2924
1817,1242
2266,1106
460,3451
1742,2927
543,2599
2505,1781
5741,2111
38,294
5585,1789
6198,1296
988,3232
6276,1125
6689,2072
1651,1979
2733,811
900,700
3348,770
756,587
4454,1556
5506,212
4929,1868
5838,2894
6912,2521
157,881
3409,562
3641,814
2085,1348
5430,2287
3968,3577
783,1611
7152,2151
558,1478
7578,2450
5130,35
6959,1183
4907,551
7806,662
7817,3020
2980,2642
3090,3646
6750,2473
7499,309
3647,979
4238,2032
3325,1273
7665,1258
5093,1339
1543,3612
6383,2077
4480,2351
5548,1455
3180,1116
3611,2296
1181,34
540,2238
7785,2306
7356,1685
1486,1658
3758,2114
7153,285
5275,746
7423,2156
3472,2908
3380,3507
2966,3703
7738,1474
7583,2649
2601,198
4892,294
1133,2820
2476,2449
7237,2961
4782,1962
1576,1681
7735,516
7234,1898
6303,2369
7004,1476
246,2429
1433,3263
6421,1460
6748,369
654,1937
2631,59
3845,1140
4959,2790
6232,734
2379,95
7418,3580
635,1933
7389,1518
2086,715
3533,1715
4971,1702
2650,3155
1305,3124
3502,2600
7818,1903
4477,394
5674,2189
7577,470
5333,413
4773,2842
3742,3104
2338,3775
5165,3490
5733,3412
7488,852
5225,1267
850,647
1985,242
3224,3366
2022,520
1448,1872
6446,1817
1333,3185
6110,512
5749,2333
5590,3385
4131,3176
1706,2088
7008,3493
2130,2249
7029,1496
7607,181
4787,3194
301,2125
5052,1449
7232,3110
4186,3401
1959,2322
3468,3515
5974,2983
6690,793
5103,14
4606,2347
7768,1482
4218,2793
7591,2594
7208,2925
5178,3341
3700,2739
4452,1721
806,2609
770,1336
5956,1709
491,3400
4564,3360
6789,638
4031,2949
885,3854
6418,3965
1902,1177
6301,3714
3691,2387
4414,2150
7479,463
1976,2599
2985,1610
764,1713
5166,1841
3274,497
4927,2352
4657,2290
5681,1208
4082,2837
4203,364
3075,1457
1585,201
2159,2341
2335,3055
3610,2614
5554,848
1955,2634
2049,3027
6946,1503
1993,2725
4176,3880
165,2526
2054,3429
7132,1547
734,3583
3221,925
1654,733
6693,2542
5459,3845
7625,2091
4193,3986
2415,3010
2841,1966
3439,3209
2299,2093
3095,168
7739,1927
867,3045
3320,3695
1036,1195
6887,2964
2871,501
2126,179
654,188
109,343
7980,2171
6967,1647
6258,891
7997,2922
6711,416
5740,1329
7452,2703
6253,2816
828,826
4458,1923
66,3690
113,874
7254,1672
3696,1129
4720,8
352,3214
4237,3794
7231,1567
6974,3182
5365,3631
1437,1899
4184,637
6555,2092
459,3658
6197,2193
2305,3317
901,3549
5536,3668
2613,745
4800,3793
7182,868
5074,766
1070,2821
6045,183
1176,2063
3556,3987
230,2143
5732,3270
1049,917
4025,2742
4561,893
2528,3896
280,153
471,1927
6936,1293
3169,256
2669,2598
2726,1884
981,1415
3959,1419
5700,2930
4846,2506
3796,3568
3251,2272
7770,1245
3676,1179
4692,2675
3372,2562
7038,3889
1468,406
963,3303
4152,3178
145,1185
1408,2332
69,1646
5742,1647
1030,3179
1015,518
2414,2929
298,127
4642,2584
2326,2890
5698,710
1417,3749
4156,857
2866,2933
4411,2572
7336,2723
7805,521
4164,3856
259,3083
6056,1207
4961,1167
2083,701
3061,55
7661,2615
436,2106
5516,2585
3296,1708
6490,1814
662,421
6109,313
3011,304
2710,1439
6455,3570
2709,3470
18,2933
1289,1398
7962,1393
7894,1635
1583,3222
3423,924
3222,3448
7203,1627
561,758
7427,2601
4495,1193
353,3062
5472,1542
5605,657
7297,305
3097,1546
5878,1822
6580,738
4405,452
3892,3403
735,3809
4004,450
1546,1892
6845,3749
1785,1339
1449,3090
749,1753
7459,3262
2900,387
3065,1903
96,1656
2163,311
2099,699
1358,3149
4214,1214
6689,169
3849,3597
6369,3260
6548,2836
3392,3850
1404,1805
5680,581
1458,394
517,199
4389,411
7224,3820
6808,2365
1543,3401
782,3392
7354,2605
5793,3059
2881,2610
7794,1453
6266,2656
7994,58
78,991
7103,3521
635,3254
7011,1359
3244,1349
1175,1026
7044,3163
876,3827
4025,1813
7178,3808
2909,756
889,1397
5177,506
6492,2551
338,928
4159,3500
5069,2583
3973,2539
6446,25
4164,1756
3836,3019
5548,3403
6017,3794
354,1966
5805,2318
3691,560
7386,311
7811,665
2731,2483
334,2972
4045,3922
7526,3198
1503,2310
6739,318
5166,610
5080,965
6873,2829
4458,234
4820,1251
3388,3810
967,3817
6837,3171
2006,1162
7747,1076
5372,3795
4361,2963
3792,3496
2932,3202
2090,1249
5035,943
5343,644
1572,2366
1447,1600
5396,3157
2144,2627
3775,2851
2220,3321
6893,3118
1141,2497
4733,953
6736,3374
723,398
4287,791
2220,1421
6865,2235
6995,2321
7140,533
7661,3323
523,1431
4270,958
970,262
2286,3942
1150,2354
2390,3045
6490,16
2612,1884
2123,2326
2479,418
2109,1395
1812,1908
7031,1801
6350,345
5730,903
2740,1265
6631,2023
3197,3097
2421,2496
5711,2494
4386,2505
116,220
5609,1131
1518,1937
7378,1474
4257,2467
6383,2256
1966,842
3970,3934
4193,923
3004,239
4480,594
2912,2115
3588,3068
4358,2597
2020,2046
444,3281
3148,1702
1671,1382
4525,3564
135,1155
7213,900
376,1442
255,2722
789,2702
7438,1674
6487,1602
5396,2644
155,703
6919,2361
3553,1929
6898,3900
4848,2655
6497,1272
3224,2965
4533,161
4687,2191
4248,1593
3133,925
7307,3667
3987,3534
3355,2204
214,2706
7027,938
3514,1264
3722,1924
4713,2464
1341,3116
1571,6
1847,1253
5887,939
5324,261
2383,58
6117,2232
161,3636
7830,3150
7202,2641
908,2978
2590,1780
2850,1480
1122,2921
6162,3283
1923,829
2376,224
4983,250
4626,1154
6752,3550
3188,2379
3177,919
5209,595
4617,2141
611,3560
4581,2763
1699,787
786,444
3620,2370
6264,1566
3170,440
4690,1942
4504,13
2257,2000
4151,2851
4960,3872
2739,1958
2371,3930
7862,1951
6489,2506
4024,1494
832,1041
7270,1505
5655,1534
7807,2317
4254,2628
5054,2151
7354,285
5554,3560
2966,2203
5993,2587
2979,1222
7178,3212
3199,1528
3650,1487
628,1329
279,266
5143,2391
7384,2144
7889,301
1269,123
3130,1679
1963,3222
6625,3016
2904,1444
3496,2704
2604,1631
524,837
7680,945
6019,2212
3905,568
3134,900
5188,410
6350,3248
6334,3750
7394,3391
3211,610
7854,2450
172,3926
7784,2473
7886,1621
1836,1154
5445,3523
128,3535
5592,903
6641,2962
4853,3438
7772,2232
6789,1145
5641,688
2586,3685
1457,1767
5381,3733
5408,2689
1285,2462
5365,1109
5850,15
6471,1861
5495,442
5474,729
4565,3427
5743,3927
356,2565
4721,1985
4764,1723
4844,2156
3378,2066
5280,248
4711,2152
5619,720
6906,1760
7084,2176
3582,710
6235,974
3974,281
5719,471
1276,3258
1056,967
6545,1744
1378,1139
6735,213
4379,2807
3018,3584
2259,647
1332,3279
4170,2196
3408,497
7665,2238
6975,2734
4750,2192
7798,2612
5058,3069
1489,1471
4519,468
4416,3587
3603,2274
991,3097
442,2277
6948,1476
5232,3273
3442,3423
5835,3905
1802,2245
4262,2627
289,2332
4994,2592
3596,1470
4872,1406
6232,1222
3050,1204
3382,2548
4071,2594
1043,2909
7021,3307
3526,1234
152,3088
7651,2890
4569,362
428,335
3314,835
6247,3362
2333,2961
4811,2444
7692,3056
2260,3139
3788,3515
1014,917
6723,2855
5422,787
3032,3196
3443,2109
5105,369
3020,3302
2199,1219
4859,3460
7223,497
3735,470
2754,3671
3255,3058
2227,741
7690,3594
368,3996
5508,3290
906,2149
7539,3665
3231,1709
3440,2714
5855,128
6576,1862
3627,2753
7674,631
1177,963
1139,3563
724,3175
3861,2979
5153,1427
4158,1200
6396,2699
7525,1433
7969,2479
3751,3786
4710,1457
4031,2301
6149,849
2389,1246
248,1463
2989,637
7677,2507
1536,597
6969,148
232,2356
7481,1388
7092,71
2515,2781
2267,3716
363,3547
5582,3091
4113,3900
2342,2009
1032,2008
253,1282
610,217
7320,3690
6854,671
2817,1193
5396,3923
6580,1849
5343,2278
3439,3557
921,3237
7532,2607
973,3675
5099,990
6085,1251
5416,387
3019,1128
45,710
3405,3580
1792,3090
5082,2353
6012,3609
1352,2551
4925,2917
7480,3635
3637,253
6770,920
5532,2736
1066,3652
5508,417
2084,3514
4298,1006
3059,2679
872,31
989,2963
7976,1672
5722,3382
6899,1979
7035,2101
328,3213
3368,1448
7624,2371
7490,233
1965,3001
7527,10
2779,334
1491,19
2575,336
2467,3928
3764,1375
5237,1555
7892,3809
1836,2083
4523,3362
5520,416
3736,3045
1234,1049
2029,1451
173,3980
7589,3614
6247,161
4853,859
5430,804
635,539
5056,3102
1043,3580
2043,1551
2121,2064
884,3722
4648,3170
4651,2572
49,3904
5530,2522
3175,2313
278,1430
7495,1429
911,29
4694,3675
7474,2721
1810,1827
6125,2974
2890,873
3922,795
6538,2698
6933,3904
3054,2895
496,558
2967,2867
5478,222
4668,1170
1123,826
1944,1360
2882,1298
1153,2594
5417,1853
7513,1501
5647,877
3997,762
4190,3500
2459,3715
2036,2840
6720,2909
5123,2777
4111,1073
4823,3739
3502,921
7864,2285
4443,931
1189,3988
7227,3045
7233,1260
5203,541
3018,2845
4944,2243
5379,374
5760,463
4276,328
3427,3328
5128,481
7644,3376
5268,2852
2754,145
6135,3266
788,1027
5148,407
2697,182
3612,675
2180,3479
1409,3011
1894,3801
1573,3403
7294,1185
1594,899
6427,3245
1891,603
3395,3457
510,3820
1980,560
3781,3597
4999,1412
3658,3022
5932,523
2464,2581
4784,2174
3224,2547
6436,2190
3561,65
3800,717
5673,860
5420,2615
6584,1179
1478,2971
316,1897
7711,3242
7366,2019
568,346
5971,175
5611,2423
4463,3191
4252,2983
3508,2785
206,2552
6513,1708
2002,1193
678,1033
6362,978
2795,3635
7659,368
6383,1645
4017,1425
2462,1815
6956,2840
668,300
1480,1262
2095,1563
3979,1605
7865,2368
6952,362
6114,415
4144,2183
6868,316
5096,3666
480,3193
4213,565
1406,3245
1524,2074
4145,894
5286,787
4553,3291
3977,3716
6914,3864
3906,1902
7626,1286
4789,2712
160,2766
1527,1851
2712,3306
4187,3659
2363,2497
1641,1022
523,957
1197,2970
4323,3083
107,2303
3901,1422
3824,1421
7950,704
195,275
4236,2694
5435,1430
847,1710
3370,3547
2709,2632
6391,2225
7904,1470
5769,1470
314,401
3167,1028
5273,2226
7293,367
7261,2010
1793,1630
5749,3495
5332,267
418,3155
7740,1881
5588,626
3085,345
2992,1800
6976,153
2291,516
4764,1353
4080,221
4688,1324
3061,2664
7202,1144
2956,1747
6082,1833
7901,3777
7032,232
3377,1731
1149,1843
6161,2575
5413,1962
6413,415
3385,469
7128,1128
6819,1269
5584,213
2882,2054
4828,3584
6302,3949
623,2765
1973,2084
4329,387
3700,2175
5020,2888
2753,1242
6507,1016
6133,225
4111,2145
5991,2459
1907,1949
1059,1524
4863,205
6394,1606
4083,3279
2419,3139
7913,860
2527,1410
1468,3937
4810,2147
328,151
7438,2785
391,2305
3585,1491
90,3170
3598,2110
5289,1784
4641,475
1441,89
3132,864
1244,328
3175,462
7583,3668
2372,503
2812,909
3840,3081
3224,516
3750,860
7943,959
4302,1619
2643,1973
2738,3506
4124,172
1888,2205
1241,1548
5836,2217
7868,703
7549,2754
4340,2536
6888,3927
1740,3070
1306,2373
113,2883
3918,2399
5712,2341
7966,2135
6302,3728
6551,3116
2737,1261
933,3631
3980,2012
5997,1203
7288,841
3706,3730
4429,3054
4366,118
5072,1893
5978,1195
7862,328
1354,1182
4423,3175
1079,2705
2398,1797
6976,1150
76,432
499,2725
1309,3579
292,3924
5874,1466
7584,2898
6029,1625
1212,905
7148,3960
1286,430
6988,743
1949,2925
5070,186
1949,3989
5815,1706
6770,990
3602,328
6542,3443
4848,414
7605,1919
3664,3620
821,920
281,3292
7412,2947
4036,3371
6945,3650
3862,1076
396,3105
5067,690
978,3737
335,1521
241,3678
7141,3402
4922,3660
7914,762
4452,329
3124,3325
1788,3254
1237,1484
698,1623
1915,2417
3184,1053
3193,290
4060,1101
2144,2946
6748,1615
7111,1647
7937,20
7147,1641
4987,2404
431,3777
52,356
2116,1625
1594,1441
1379,3965
1684,3675
4535,3038
1141,3025
5401,167
3278,3653
6067,2942
3390,3755
1286,89
3685,2803
6918,569
7894,561
3298,1928
619,1829
290,1611
5810,1964
1130,100
7684,3587
1307,3718
7862,2450
2265,2581
5353,1117
3751,1178
5885,3202
4781,3361
4066,2032
860,3247
5134,3109
6888,1027
715,1953
4852,1895
680,3916
1804,2803
5519,3649
4363,1278
1463,630
4189,3106
3184,3977
543,1867
7579,1384
4643,988
828,3229
15,3262
5096,2484
997,2309
6297,2859
5405,354
6816,1781
6318,2398
2297,490
6251,3162
6650,2415
74,2016
2534,2141
1153,2501
2462,3473
7561,3294
5367,751
453,3707
6183,2644
571,260
2584,1111
7936,2671
4447,666
6643,2331
4230,691
3999,749
4549,3666
3396,1156
80,1454
5552,1947
714,656
3718,666
6167,1467
3744,2809
78,727
4305,2483
7630,1433
2115,1506
4136,3472
3711,1725
378,975
6412,683
1691,3218
7022,1154
1010,2862
7823,3617
417,3482
4796,582
415,500
3014,2477
7460,1777
3593,1317
6461,1669
7369,1648
4479,395
2423,2040
2776,2674
5844,521
3073,932
4461,1550
1999,3155
2116,3756
681,3746
143,2101
1044,3694
4250,3146
2794,1880
7,1040
1642,2800
3574,3309
7976,958
7935,3039
4197,3824
5340,986
4153,3195
2084,2684
5037,3184
5874,3855
5733,2526
6052,2010
2426,29
831,3556
5350,1534
304,326
1816,3244
2413,460
6696,3550
570,1800
3237,3293
2120,3250
7625,1453
3192,1088
3214,1177
6653,3134
1242,1567
4703,3851
6549,3573
2971,1039
347,151
7016,1948
5965,1519
2516,3329
1538,3135
13,3973
1499,429
1020,3878
2996,1356
588,526
1591,131
457,1262
6218,124
4707,2586
1256,3627
721,3937
7502,1145
6802,1511
7755,3180
206,3808
570,596
1307,907
6477,981
3933,2089
127,716
5701,761
1451,3584
2233,1970
6075,1735
5076,3804
1209,50
5188,2987
6529,3189
3922,1049
2903,2935
4031,542
7445,2834
2249,3151
1213,520
845,3632
3117,1955
6086,215
6448,2182
7667,1023
3376,3861
87,2565
906,189
26,2723
3578,3266
525,2151
5109,2468
7499,3535
4182,2733
2235,3331
3440,3801
6641,2030
130,2178
1140,2586
7432,264
5594,3784
4462,3225
1680,2537
1248,642
6774,2556
2620,3634
6759,997
5929,487
4054,2661
6849,1528
147,2364
4906,1502
1389,1496
3586,224
1010,3480
120,1946
5010,673
5880,136
6882,3260
7934,1204
4476,3627
6348,3290
7939,2918
5814,3413
2500,759
2907,3400
4408,2573
878,1483
1446,2401
6514,623
7589,1347
964,2288
5055,3039
5394,3574
5938,1458
6570,1064
7504,2403
7341,1006
838,2176
7330,1953
5369,3094
2982,3409
1356,716
3969,370
3454,2525
4565,68
4017,1264
1520,1374
2885,2102
1856,3127
3107,2591
7846,240
1302,2041
4259,737
7955,3366
239,3134
3737,2232
1832,3174
3443,748
3879,1192
3291,1217
1263,83
5433,3955
3711,3704
3464,1368
839,414
7706,2582
2487,3394
4338,1792
6066,3432
6927,171
6177,578
5576,2225
4325,3324
1170,1089
6308,3458
3423,1920
68,1967
4705,2016
5366,1555
4525,1531
1130,1471
4986,2957
7328,1104
328,3116
5407,502
1437,677
1790,2112
4074,2899
6495,1095
2125,3262
7420,1395
7216,2318
281,2893
5774,2667
4057,2722
6998,2483
7917,2384
552,2742
231,112
6908,2546
5421,2881
6562,2502
5448,3853
3619,2069
796,570
7,1049
5234,1583
6128,1088
817,3200
5604,2536
4268,1752
4008,2995
4501,1059
6151,3079
462,565
2802,3365
5472,666
1857,1795
196,1051
6808,2536
7007,2090
5924,1124
6476,1802
6085,490
6993,3677
7878,970
50,3564
7815,335
1508,2957
5820,2002
7450,2804
7566,281
2556,2488
7455,624
5814,2464
875,1026
45,3466
970,3028
6795,1272
5329,2046
6715,632
2713,3495
3121,783
23,252
5344,3073
6698,2284
2191,1631
6772,1155
7622,3565
1567,2593
3810,1007
4097,23
5320,1071
7194,2397
2934,2702
7930,2771
6389,2821
6464,978
2795,1238
4093,2669
7437,3412
438,2985
3249,2123
3400,535
1921,78
2278,3786
1996,2652
2558,1306
5110,269
1146,2931
4496,2078
6755,3418
3522,2647
3551,2110
5605,3766
3355,2679
5421,3418
452,2877
7299,1741
5742,1895
4977,3534
280,1119
3063,2427
3591,863
1530,888
1102,1034
6236,1086
3631,105
103,387
2972,2432
3810,1569
5206,429
5958,2246
7287,1468
3915,3864
6219,1930
4827,962
4248,2612
5672,1472
4286,2202
5593,867
2873,1078
6687,3041
7812,3603
3622,3516
6936,780
1000,3789
5523,3011
3355,941
3251,954
5003,1280
2113,945
1282,1342
5514,3997
7779,3807
4680,1985
1558,3651
4704,1803
3869,507
3845,1773
6277,3767
4090,279
3065,3085
4532,3950
7473,3267
4701,2475
1671,3801
3573,18
874,3990
7379,3373
363,141
7306,1701
4085,2219
6631,3229
2522,3008
5398,2602
2760,808
3555,3347
4378,1077
3038,3521
4619,923
6745,1539
5509,887
1419,1441
4247,3517
663,1850
2566,92
4006,3676
7738,400
112,3999
2777,1381
2970,1919
5169,3074
4730,2901
399,281
7862,2896
1133,2826
5258,2453
5639,2639
7976,2384
5454,871
953,1046
1462,1826
4290,3225
1514,3878
2594,2759
2463,3740
1783,767
6982,282
5217,3440
6427,2478
5278,2768
2075,2179
149,631
5138,3795
3950,214
6994,2954
1502,1174
5952,2322
5184,2321
328,2369
1631,3495
2032,2203
6736,2750
138,3908
2492,2458
5380,1574
6972,3221
5785,1148
6749,3195
3818,921
1154,900
999,536
7593,2575
935,353
2630,119
7512,660
1355,212
528,3701
6601,1041
4610,3476
6896,1030
7820,919
3506,658
6252,3079
1158,1462
595,724
457,848
3922,3718
2431,1939
7601,801
4726,2751
4511,3763
1099,2979
5123,3902
2694,652
1072,1981
1761,2951
3960,3796
3622,1275
3352,1976
6902,2428
7760,2616
2981,1710
7958,3911
6147,2935
3296,1223
1462,574
6175,2228
6595,2950
2508,2634
4907,1889
5594,1011
5810,3539
971,2609
6331,1476
6303,2468
1294,2369
6375,3929
5244,2129
7735,3120
218,2927
1977,1512
6760,2920
5727,2857
1558,3826
5040,2765
3740,2502
964,1708
1991,1436
1803,1378
7188,2946
4295,2783
6773,3321
1434,2444
368,3309
1273,2581
6055,3278
3072,855
1842,527
7200,1351
1384,2171
2035,1180
4989,2415
7664,3770
3397,215
4474,3964
5847,1609
3155,3165
1933,984
1453,3683
3111,214
673,3049
1359,1866
7033,2632
5367,1962
615,353
5470,2516
2393,3913
7730,1615
804,3953
5392,1561
1117,209
1895,3948
6471,241
7290,2898
422,2932
7555,4001
1074,449
7349,1878
6247,1423
3483,3114
4281,2956
4572,3443
1445,330
4255,1114
3619,1319
4107,2132
4088,3095
2919,863
3943,2704
5473,2171
519,498
7210,3970
3824,3281
7998,5
7695,1248
65,3045
6170,3132
1157,331
7837,2866
1768,3876
2930,3854
4571,957
398,2049
6973,3479
3832,3310
6821,3718
2262,273
1535,3212
1440,3276
141,1037
6261,3568
6159,3150
7372,1156
1022,847
2499,2517
3570,1059
7891,3962
611,1672
293,1859
3148,2951
1341,62
1899,3689
5653,1669
869,2611
773,167
6407,544
4381,2161
2792,2426
6741,3961
4842,1589
2140,2727
1055,2920
1740,3681
6152,3656
3903,913
3256,579
2747,2421
2007,3062
520,258
6978,1708
2211,406
208,563
6923,3769
4976,3356
1848,239
174,2383
3179,189
2260,1993
1312,2645
3117,3059
3809,3519
4325,1696
2869,3526
5772,3715
3509,1789
4921,2858
1086,236
843,3259
66,1371
6155,2953
2425,2713
5613,2227
2550,2985
7349,3385
2388,842
3895,3196
6863,1666
7734,3377
3822,2502
7982,3138
7198,1256
6318,1793
6875,2238
540,2858
5639,171
4892,308
3293,1868
6348,1939
7295,1537
2983,1581
4203,821
4297,374
972,2860
3985,2635
5933,2889
7906,1032
584,57
5700,2406
7549,351
6441,3701
4510,1757
6473,2001
2599,2492
2350,452
1739,1816
1292,2264
5801,2922
4488,2967
7965,115
1753,3969
755,3042
6092,3849
6391,675
4257,1005
7016,3781
3219,911
6155,837
2869,2837
7899,1436
184,1818
989,2434
905,270
18,3837
5591,849
7430,490
5874,3751
3078,1255
4303,2265
7983,2970
5608,1960
4064,2434
5952,3886
4561,2744
1732,211
6717,1377
1101,553
827,3763
6339,1636
2603,1857
2139,793
3915,2597
1856,3730
681,1417
400,12
2867,2706
4029,2125
6506,2538
7380,3461
6197,105
3162,1216
722,2846
4882,3236
4519,2335
7452,2830
1911,2731
1848,1060
7344,2072
7783,3958
3552,2239
946,1653
4744,160
2116,528
713,3794
3762,136
7611,395
2331,1487
5789,3081
2539,1025
2022,3515
7609,3838
314,2799
3600,2756
3384,2488
1803,133
496,2651
410,2410
4850,22
5025,1412
6594,942
6911,2570
5799,3252
1644,3028
2146,2804
2299,435
1404,153
2495,1035
1848,32
1802,1454
552,1047
5840,3541
7324,2770
2795,2462
4789,3850
2616,925
4183,2738
4446,1472
3261,1015
6511,2020
3942,2867
5862,1613
6765,111
3408,838
7094,3411
2824,3701
6340,1963
1243,826
2088,3511
1162,1540
2068,3695
5933,80
3918,3825
2356,1663
64,1737
5385,3122
1132,603
3473,2181
6268,2576
7442,3269
7351,3387
1007,2959
5008,3559
7118,231
7065,1055
3930,1170
7125,281
6308,2544
6058,3072
3428,1753
1653,2364
3038,2355
1720,32
5728,3501
430,1488
3432,3707
6528,1965
5218,3727
4880,2335
1550,624
370,3742
3776,26
5178,1660
3137,3410
7664,3858
1619,2115
2016,390
338,3066
2446,950
6198,1818
7111,1764
5493,1501
5139,2589
5317,1096
1415,1127
447,522
7863,1799
7903,465
3912,1581
1704,2793
1314,124
549,3537
3077,730
7753,2587
4531,1296
2680,3232
2059,1918
6815,3230
4022,2111
830,2384
378,3284
3974,2120
2796,687
668,651
2818,3870
5437,1705
6919,3666
7805,3927
4839,1068
4392,2219
7978,2979
7369,596
382,3252
4552,1299
7340,3622
7406,3353
1133,2808
3909,159
4566,1514
5467,2908
1902,773
1509,1575
7136,840
4543,1225
4363,2672
3729,2013
7415,3458
1550,3431
3939,728
278,15
1530,3847
1019,2169
1443,2537
1057,2498
7927,1643
4031,3192
7566,1525
1922,2518
2482,1681
7504,2139
3957,1082
3689,70
1311,546
2026,3184
127,64
1772,2982
5666,1621
777,1474
4642,153
766,581
726,1095
4396,2451
2919,770
1593,2666
4290,2562
7252,3328
1961,2974
3285,2745
5669,3319
3010,3842
342,511
3886,3757
3178,1061
7227,1961
4652,3998
3201,2909
7604,2066
3463,3681
5629,3808
2158,3544
1811,78
4590,2862
3691,81
3511,3371
1101,1429
2937,3889
1132,3145
2175,2519
3094,2987
7990,3362
5382,3084
780,2045
7063,2015
4340,2517
3475,2147
4294,3316
1066,3658
1218,3672
6270,805
4789,3182
5083,1103
6260,2576
452,371
773,1177
2408,2330
4766,3041
2676,2421
5317,3930
6146,2691
3926,1765
5103,1535
6243,913
4298,2570
4789,1393
5863,784
3953,409
4180,378
1814,2933
2595,1999
1379,2150
5862,2279
3670,3194
7929,2318
3022,838
2233,1074
6226,3459
7891,1481
4970,739
119,1537
1259,78
1130,197
2385,1565
3451,2313
2052,978
1165,307
381,3922
723,3334
1410,3649
3675,2412
2509,2648
1409,2975
2955,3333
5956,3124
2816,959
3445,2404
711,2659
7691,1560
2039,2320
4052,1905
4258,3549
3206,3538
7095,1458
5684,42
2439,2793
6364,834
2660,226
7581,3359
4581,1053
1861,2132
775,2008
6344,2279
3054,1861
4686,1086
4617,1862
6627,2278
6035,3400
2194,1696
949,1625
7115,1832
72,232
5825,2116
2553,2296
2641,2277
6790,160
1756,3357
5989,3042
5621,3389
131,3398
5750,1225
2985,1426
877,3163
3963,2088
3828,657
7323,764
6622,3284
4458,624
6029,2470
6894,1134
2209,1287
5711,1186
6219,3107
7740,2258
2495,3643
3243,1978
456,911
4093,2792
3509,69
6527,2481
5745,2329
4685,2926
5233,3906
2513,1015
774,860
4457,922
7826,534
3303,2711
4183,1530
2482,443
3243,309
2249,1943
2504,1795
2728,477
6848,792
2435,2935
2509,557
6383,483
3014,2181
6944,1935
5614,3450
1677,3981
7079,3977
3248,3475
324,727
6313,1458
2172,1822
1026,2352
4857,3833
7821,3300
3216,1096
5930,2862
4044,2239
6437,2704
7331,3345
4540,941
4234,3253
4413,1085
420,1618
2062,202
5525,749
3079,1354
1334,3531
7801,473
6689,517
658,3058
235,3144
664,3145
6641,2437
3283,937
5579,1564
712,3333
2846,1279
415,2237
142,2118
3558,2479
592,2607
5678,1495
669,3216
1491,3845
2562,3803
6810,698
2708,972
4211,3230
2946,3506
221,928
7619,536
5544,11
1134,2062
534,2466
2408,3481
5083,3576
1015,243
3588,3598
3957,1248
4084,618
7073,335
6088,2768
4944,138
2076,832
5441,698
3815,3883
2573,2617
2690,403
637,2677
4166,3263
2614,222
7954,1495
3471,1261
2412,3362
6147,2768
4799,1050
4546,1014
3522,2665
4386,404
2362,2914
6578,1201
4181,1470
5679,2612
1527,2641
3920,3432
5331,3272
5564,394
4015,1506
4316,3087
5769,3208
3658,852
3352,938
1960,2563
7403,3800
4494,2366
5678,921
5339,3756
6860,2508
5612,2429
4526,697
1067,2652
6624,3218
5695,2608
6741,2187
33,2734
6977,3123
4303,511
868,3502
6809,2090
3303,2865
1176,2878
1951,1402
6078,3485
942,3017
2697,2408
4808,3230
3538,3235
2515,1136
7746,1509
6120,3431
163,3391
823,504
532,2758
967,1307
2071,703
1050,1129
1989,2534
2478,183
3937,474
6304,1130
2057,2568
7276,3638
7944,3667
4623,3959
5257,541
6541,2667
6886,853
5967,2922
2655,2781
7204,3938
5415,2358
7656,2420
1367,2314
4994,2053
2758,1206
7687,770
944,658
3580,403
3666,575
3768,3290
1624,332
232,1737
7790,1604
1196,605
6323,2903
2207,3610
3980,1763
7221,2084
277,1567
2813,3992
6513,3749
2821,2661
6658,2810
1948,1579
2612,2427
4466,1774
2036,389
2524,246
2239,3680
3956,1126
1045,585
3998,1334
3980,1275
549,752
2112,1401
1795,3556
4776,987
2687,3880
4292,307
2737,3344
7410,1499
2657,581
96,2748
1614,2373
7388,3421
138,1336
2376,742
4354,1258
2473,144
6556,3657
4446,2700
3641,3645
2861,3820
666,3198
4473,2834
3550,3991
1744,1683
6249,214
3553,2823
7905,2988
1931,3824
5330,1511
4560,644
5425,2985
1128,760
3518,2533
1842,1195
1346,3702
1669,301
1912,1916
7525,2186
904,3508
6417,3735
4526,2290
249,3384
7738,2750
4301,1963
6384,2152
7665,2517
5327,649
4749,1478
1519,3896
2752,2347
1347,1893
6324,2033
3519,597
7628,3537
2515,2235
1915,2140
5204,2896
3182,2916
3644,2286
5673,836
1608,526
5040,2285
2688,1372
2971,558
7443,2708
7245,448
2528,3132
6846,619
3729,830
4211,2552
7906,1248
6095,2229
3648,2209
1540,2398
268,1586
482,2510
2942,334
1168,2241
2534,24
2008,3397
4814,1744
5403,3069
4156,3729
3046,913
6164,3242
4765,438
1625,983
4628,1973
4308,155
1789,3163
6477,3644
315,989
3446,3707
4181,1253
7720,175
6982,1693
5828,2909
7857,87
3388,470
1457,2422
2282,3597
5007,2941
1502,1587
4557,754
3637,2929
991,719
7716,3329
4985,3205
2196,682
3011,685
4392,2998
5482,3084
6234,145
848,865
7811,2208
6243,815
2617,1500
3275,578
914,810
1661,1728
6151,2136
5677,2701
7732,3670
2848,2202
6844,1710
4383,780
6410,3201
3591,2949
50,2656
4158,1201
629,3652
7552,526
4131,1066
3351,1528
5979,1966
3305,1873
6318,1507
4843,1962
6306,1485
5364,1617
6163,1531
4076,183
7347,1476
3491,3035
3953,3581
1790,1016
6520,948
7628,169
4814,1260
5622,2101
413,2741
7317,1658
6671,807
7454,1210
1298,1147
6200,2236
1915,902
5806,3329
5190,1523
7296,261
572,2652
1044,1101
2605,2885
6474,3155
5341,309
4781,106
1531,1361
4357,720
7372,3927
1225,2544
6695,3796
5041,561
1881,2978
5674,2495
5224,2530
4003,2676
1909,1586
709,962
5755,2826
4095,1599
1268,2265
702,3918
6874,2423
3836,2342
4490,2631
752,1249
5445,1388
4771,2499
4561,2980
4451,2085
1725,2692
4432,3613
7553,754
5395,2892
1923,153
303,2851
2998,3053
1263,2675
7965,3387
3455,3248
4782,1772
2327,129
2065,214
6418,1894
6087,2015
6621,1446
7720,431
5515,2293
6917,2000
3588,1150
7724,2309
4382,2355
2633,420
2692,526
3049,3793
6290,1954
5530,1113
1859,3043
7791,2536
7938,2767
5536,327
5148,2519
269,3701
1751,2958
3299,1089
6428,3245
728,3650
911,1729
7888,563
3391,2834
2849,2893
3961,3376
1844,387
3255,3100
3970,3444
182,2160
6078,3985
2981,12
7570,3948
1785,1182
7169,3832
4317,3149
939,1027
6983,2243
2543,1709
230,1140
3882,3427
56,2351
1118,477
5431,3936
7535,3504
2227,2815
2182,48
7355,409
7704,3910
7669,3288
4801,1610
6029,498
5130,2397
394,2795
74,486
1724,1960
5160,2407
2002,3761
6846,315
6728,2
5657,3790
1533,3151
5021,3897
4834,1265
3333,3960
2191,3056
7177,3274
1648,79
920,165
2524,943
4293,2323
1094,2337
3966,973
3532,172
886,1906
6893,3703
6245,227
2648,2611
4965,671
4319,872
6845,2646
778,731
2491,1037
5640,2009
3258,1677
3841,3138
3395,615
6918,2772
784,1736
4778,3827
6252,1525
1642,2130
7030,1988
967,2785
5124,2294
3381,3508
1571,2228
2988,715
1149,389
2011,3139
2644,3626
5500,3064
7850,3351
258,1365
4611,142
1904,3098
2946,3289
2563,2889
5681,3
2575,1773
6556,3539
4456,3623
4764,902
6455,2390
4721,2121
3820,3618
1865,656
3346,2374
5341,1910
4542,3223
6459,3889
1889,2005
2206,2193
61,1742
7801,1653
4084,3145
5587,1097
1532,341
2507,480
1135,3631
7869,2602
2303,1514
5309,1299
4935,1278
6720,1080
1340,2255
6427,2502
5570,3481
4259,3281
7643,181
1587,1102
5370,2987
2315,397
7286,2420
4629,3702
602,2026
3396,2527
2841,942
6549,2695
4255,598
3256,82
5378,2705
6151,1314
1815,2296
3188,1934
5601,1523
4034,3457
3493,581
7594,2002
5657,2806
2142,60
4090,3739
4969,2265
4285,3779
2613,3232
1245,3904
1127,1623
2835,1072
5157,3703
2084,3016
4151,3931
6868,1980
3211,1636
7032,589
3666,365
6633,1199
6089,3141
5845,1718
2514,622
1839,2653
1600,3857
4294,2770
2034,796
2420,4001
1302,3290
1773,1628
4751,525
6839,388
4657,3050
7736,1462
681,144
2475,789
1274,1543
2157,1199
2210,1969
2484,3983
3803,2480
5662,3871
701,2580
6439,3384
4544,2142
1461,1960
4640,3863
910,1598
3161,1350
2345,756
4754,178
5090,410
1046,3412
1926,3611
7037,2775
4174,2894
5929,3983
7401,2492
1324,20
2994,2728
7495,2233
6721,2240
1294,2253
5277,1247
3239,1646
4431,3516
3313,1380
3794,2994
6848,449
6694,1069
519,2291
67,1230
4367,1572
4331,827
3491,3246
5464,1094
1294,3262
6293,1624
1532,3780
7913,2298
1342,1012
1710,2720
3881,2748
7743,851
1758,3426
2895,217
5603,3322
6871,1442
496,2433
7975,3154
4231,2457
3230,3110
7930,673
2229,2277
7568,463
6581,2148
6786,589
7369,2454
2016,14
878,2415
3153,1739
1350,3475
6391,575
7628,2879
561,955
3554,3571
5178,806
4871,443
111,3093
6180,2713
4333,1123
7365,81
3800,1325
6757,3729
6457,3693
1058,1594
895,368
271,2223
166,3446
7336,1593
3125,2278
2528,3892
2337,428
6359,890
1807,3024
6824,1994
3447,1139
1310,1173
5476,3304
70,1381
7896,2957
1247,3177
2636,2757
6446,577
6164,500
4526,2307
33,2454
2661,1640
2849,604
6674,1847
129,3428
6723,2347
7058,2100
4867,2435
7433,498
1711,1382
3553,195
1833,1648
5467,3678
5350,30
7589,3916
35,498
6233,3519
4469,323
4700,716
765,933
4327,390
5625,3120
2786,3864
7032,3631
2092,383
2470,2056
7479,2338
2629,1251
3281,3791
4733,3512
829,1747
202,634
768,3893
4243,1914
4151,3215
6043,1945
3429,3082
16,2221
7371,1462
5121,3759
1008,3683
1773,2175
7616,1118
6966,405
593,299
5365,677
4160,1084
6439,878
2042,2507
1220,3263
4695,2682
1648,3366
1952,1572
4170,1591
1777,639
7587,1013
7226,529
4297,1312
6111,3724
641,2651
5248,2600
5842,3416
1298,3035
4990,1955
3180,1559
1676,136
7838,1600
6528,1505
5052,2056
6637,160
6520,362
5473,3126
6637,959
4414,254
2616,3104
5416,3720
65,728
7386,261
2904,3557
2003,3532
378,2988
7535,584
4722,2934
1360,2302
1884,2986
4923,2494
4933,1608
319,3429
6190,1599
4879,1196
2031,3372
3505,786
7481,2097
7631,3713
1524,1965
555,1599
4999,2877
240,531
2741,1647
4451,593
6628,1214
6200,452
7354,2063
5889,3287
32,2471
6529,1185
5928,391
607,3242
6539,1029
3830,1982
6027,1672
521,1229
5943,991
4436,3165
5581,2559
3838,749
5497,440
2218,3814
7612,1458
1516,3904
5096,425
1049,1678
5127,866
503,3431
412,1993
3155,1554
5697,3177
3698,3885
6831,3879
1631,3610
2141,91
7843,647
575,2859
1171,1464
431,1862
1859,3667
6505,2362
5208,2184
3249,499
4220,1723
4623,1169
2538,2032
3706,580
104,1745
2515,2055
5653,1630
3464,1974
408,3026
3289,2637
5304,14
4535,1918
522,645
6536,142
773,2500
8,1486
4978,3899
1801,3121
6078,2283
7899,2478
497,1742
3462,1108
2681,3262
6324,1700
3360,291
1900,112
2653,1917
7161,1327
5254,2730
2345,441
3171,2068
1009,3173
7005,3706
3246,509
3285,634
6,1658
2769,1464
173,290
849,717
7747,3386
512,3278
6491,1482
4166,3256
5079,332
1594,693
7599,79
5941,1710
4816,78
4609,2893
2913,3497
881,2702
416,2717
2186,3106
1003,3269
7455,2623
1371,556
1402,1127
5515,3789
3318,3026
3382,745
7402,3611
7934,2756
896,3653
3465,2589
7459,1128
1862,552
151,2588
2190,1418
2594,352
7077,720
1768,1480
3807,3821
2516,2529
4895,2350
626,3041
1019,2683
539,2832
6907,1612
2055,397
7425,1253
4486,95
2882,2704
6090,3001
7218,3734
6044,360
1662,3545
5551,508
243,3761
850,3953
4924,65
5374,1433
2440,2485
5775,199
4362,27
592,474
2586,1178
5167,1125
5113,19
208,2487
818,979
5373,2796
7579,2291
7290,3951
4283,588
1078,3018
2885,3866
4702,76
4355,1644
6156,3061
2574,3524
4957,3393
5945,2481
1313,3951
4366,3655
3371,1260
2096,2168
2631,1857
3423,3537
267,2646
3738,307
5062,609
7007,3533
2966,2095
590,1971
5590,1646
1772,989
6964,3124
2371,3901
7648,1456
7334,3774
7712,2603
529,1270
6464,3930
2415,617
5863,1763
3126,954
3077,2730
494,3757
1641,1975
2767,3774
4591,1925
5063,2392
4694,1481
3226,2003
7600,733
2084,1037
818,2856
5370,2884
5803,3180
1583,2349
6482,2988
7410,1204
7736,1560
1237,2576
5724,1175
2728,1570
7261,1679
3332,1002
5130,2387
1507,2246
4117,1194
556,2664
6503,760
2318,1619
4749,3947
2050,818
975,2276
5746,2485
7393,3552
7608,3753
4339,355
4671,2098
4003,864
5318,2119
7251,2278
2243,3755
7700,394
5348,1251
1281,781
7856,3545
3177,843
12,2348
3236,1823
3994,3570
3078,1910
636,1067
5234,2863
1846,1987
2886,2827
114,2627
2036,2806
3164,436
7216,210
7789,1330
1541,2749
4486,1129
67,127
7282,2799
4115,1138
5710,1374
1131,3277
2501,1611
6556,719
6259,72
1096,421
4395,498
7410,2968
532,2264
878,2262
6318,329
7479,2875
4338,568
4319,3131
1112,431
5793,3855
1202,3181
5138,3162
118,3454
2166,87
1881,85
6575,1665
6294,3112
2193,2590
6285,200
4945,2153
137,3868
1371,1435
6746,2745
1346,1205
2529,608
5714,2828
3882,1076
7809,753
7155,1846
1156,3964
7563,2687
6911,660
7766,3161
5012,1246
5293,3290
1757,2016
3170,2750
4852,3025
3361,577
5039,2815
306,310
2153,2140
6682,1446
1211,2469
7969,744
6218,464
879,1401
6650,1810
912,2329
1857,2059
2391,450
5270,3055
2014,3109
2183,1937
5355,99
5866,3469
5550,1540
5227,1747
2598,2808
2821,1483
676,2280
4556,2793
4136,376
3878,3663
6183,1371
474,1049
2350,3251
4032,2153
4768,835
3096,1167
283,3827
1399,629
2169,1248
476,3397
819,1181
289,2455
1311,10
4365,2586
2138,2383
7558,1694
5376,789
356,1724
6104,929
4128,3427
3981,814
107,672
3031,2214
1563,1769
2553,2972
3072,582
1571,2953
3797,3772
6199,2242
3730,2455
3176,2418
5791,2004
3455,1561
7330,3208
6136,3681
633,2897
9,88
2948,1367
1602,1135
7129,3453
2639,174
1179,714
91,945
4644,2639
1871,3843
3679,2741
7544,3894
243,2084
6215,2813
6682,3506
6833,3718
208,102
3895,3830
742,1192
1920,3362
3061,2727
3746,936
2416,1222
2943,2793
1427,2500
2956,2243
3896,2630
2093,1486
1032,3075
3132,1427
1934,1357
6121,132
4903,1431
5371,412
7190,1991
1013,3124
7220,3865
5780,3295
6532,1741
4532,2403
101,2254
3153,501
1760,1728
4075,1871
1185,2629
2755,1072
2051,44
4419,2704
3588,3447
5562,350
3736,2216
389,3001
5913,1927
4617,2183
6939,2706
5020,2677
2462,2978
1475,1164
285,3286
3158,524
963,2558
2112,456
765,517
5923,221
7402,988
6680,1872
7856,2559
20,1092
5160,2951
7462,628
2233,3563
7260,3539
5442,1619
390,2013
3377,347
2130,2650
5297,257
1238,175
7616,1035
2285,2560
5534,792
312,3302
6625,2945
7110,1801
7398,2955
5070,2938
5154,3852
2201,2640
2710,311
2173,2237
7649,1446
835,3467
7087,3747
7850,1145
5711,19
5317,1644
5859,959
2239,3604
816,1152
1471,668
4949,2279
5606,1901
4121,1319
2229,1728
2973,544
1996,3326
4016,2504
6797,3798
6785,3191
3487,2329
6255,1423
911,3094
2365,998
4176,77
2401,3506
6627,114
6587,400
5714,1377
7395,3729
3478,2040
1755,3074
1560,2869
7972,2166
3668,3244
5612,498
730,645
2148,373
4462,3697
2736,2049
6416,231
7160,3434
7638,3807
5916,890
4277,3145
6980,3711
1822,3243
1876,2930
6532,470
2111,3109
1660,3620
5875,232
1790,3568
2354,1559
3272,753
3073,2180
7394,2804
5177,2204
7484,2774
378,377
2931,3259
1855,3876
2546,3405
4237,3204
4533,1749
7686,2536
6377,2671
1626,2252
2864,3565
5341,11
4097,3819
2419,3970
491,2602
4903,477
1337,2731
5851,2848
5617,777
5786,628
7479,2387
1417,3948
1743,3525
7356,1010
3648,3811
4198,3539
1043,530
3176,868
4731,1394
3722,688
4366,3195
7111,383
5745,2674
3970,2756
3347,585
7511,1187
6480,145
2637,445
5941,1436
615,121
2275,2035
2649,3633
6284,3089
3160,2582
3931,2938
7306,1121
5936,2844
4893,1016
777,1984
3060,1593
5308,1773
4923,2245
416,2234
475,108
6988,2733
7113,2129
1847,1492
5689,1145
3455,159
4465,3478
2885,664
184,2410
2869,993
5421,2555
4003,3273
6131,3858
17,106
6922,303
13,2914
6841,3116
5751,811
3367,2092
2592,3705
3338,352
2510,2192
6902,1622
3613,896
7767,351
6976,222
4346,3099
5796,3616
261,2724
1973,1812
1607,1875
2425,285
5162,3666
6811,2220
1605,447
6403,1335
4046,858
5920,3256
5293,3820
4807,1893
4715,1588
7349,999
3017,3439
3184,825
7149,3458
5068,1695
1336,1383
394,3616
6643,2386
1499,3618
3047,895
962,2945
7691,1690
5271,2699
7832,619
1063,2555
57,220
1337,2608
3870,872
3948,2697
3760,2881
5628,2335
5983,1726
6179,223
2646,1824
4252,3586
6736,1791
6338,1067
260,949
7255,2813
4540,679
610,54
5572,3116
5615,2988
6397,2267
570,1059
273,1653
4070,2792
6721,1964
7848,76
4186,2159
7169,3200
582,1203
7272,3402
5694,2815
7301,674
1821,3860
6554,3403
208,1175
2749,3569
5290,989
3968,2331
7636,2002
2097,2861
3425,1445
3388,3614
128,2355
5423,2160
523,1231
982,3185
3196,587
4933,1037
7102,1318
4148,1486
4705,3058
196,2673
5160,2240
1184,1702
7485,43
6847,1540
4933,2205
5189,678
7693,930
1929,1926
6499,1415
7026,3989
2754,1198
3130,244
1125,3026
2516,2546
2364,1457
106,1314
380,3578
511,407
6737,724
4340,223
2351,3593
7398,1018
1542,1582
1460,1110
4436,3632
670,873
3540,3996
2249,3049
6420,1002
7583,3915
7908,775
2259,630
4906,3710
1282,1571
2771,1475
4021,116
7332,572
2819,2158
3630,3148
2131,2932
7136,1372
3968,545
4407,1352
405,2466
4496,1156
4151,1069
6493,2633
2850,3362
7222,2240
4619,317
583,1418
3749,1301
7400,3658
7168,2228
2122,3471
2571,1171
5900,2049
3642,594
2669,359
6531,3601
2396,1651
5442,109
2924,3147
6204,2842
803,2869
2624,570
6770,350
2601,2391
7422,3719
5569,771
6365,2188
7872,2185
6940,3794
7026,655
7933,1421
2614,3083
5374,2475
1058,2271
3604,384
5956,1554
6519,1423
5572,941
1942,818
6949,2542
5420,519
874,2252
5866,3191
5461,232
3220,1635
6922,2189
2664,2861
2835,132
696,2240
3005,2678
2585,2525
3295,510
5492,2052
5434,3306
7162,187
5756,270
1588,830
1759,3205
7096,2243
5166,1350
3447,3112
5352,2431
2292,1500
3773,2512
6991,1479
373,3494
575,918
432,2898
5663,2951
2120,2598
7263,877
4562,3115
4827,1472
7940,3970
1224,3333
5552,2645
5195,1270
7983,1881
3108,3469
1625,2019
3655,1170
3952,2948
2635,1950
6428,2658
1531,1196
3089,1620
3147,2107
2573,1753
1316,386
1981,3574
6048,3825
2687,2026
466,1087
1794,2096
508,2294
2378,369
6628,2231
2576,2531
960,522
1542,161
1934,519
4280,1800
1664,2170
6542,3308
4117,3575
7406,3701
1795,346
2942,2873
6928,3993
263,663
4224,40
6645,2861
1641,2953
4923,887
6690,1518
403,3525
7834,3372
419,23
709,1630
4603,3928
3760,435
571,1908
3574,3829
4114,3734
523,1815
6113,3299
2485,3258
1917,2093
4187,2684
1044,1877
2230,157
1831,2784
5796,1807
5685,1620
4955,1978
4408,2800
4346,1898
1672,2630
4539,1878
3742,2389
6917,3053
2548,3719
94,1278
71,2499
6142,1348
7230,2160
3647,716
1701,1000
880,1125
7762,756
6920,867
2152,3914
6967,720
570,2271
5464,1104
1287,330
1283,3759
2275,3927
1216,1545
2295,1541
5334,3797
4383,3773
2049,3887
6705,3407
4161,801
2845,138
6095,2573
5808,888
2411,2585
7155,2900
5840,2328
7856,2441
4681,3217
660,3336
6430,1070
4912,1477
3302,3524
2650,2223
2112,3321
4336,74
5085,2423
1084,587
1972,907
3699,3439
2841,538
2776,376
5992,3746
2494,2277
411,3048
554,2893
1659,2563
4630,1080
948,3331
3922,3226
7809,3295
3398,493
3270,3963
1682,3466
6332,1362
1878,3395
518,3398
4557,1920
4707,3425
2964,2772
4029,1350
73,155
2206,1625
5391,1235
834,776
7661,851
4935,2613
6166,3916
1728,2465
323,859
5418,534
5308,2088
4790,1393
6775,927
4933,2602
151,424
2162,2977
1237,3365
648,743
1340,1768
3028,2086
4110,3822
3670,334
7428,443
4369,2493
7667,1779
194,1002
7626,1554
7533,3535
5240,522
658,1360
2602,1975
4159,844
4722,608
319,223
3,396
1136,2513
1305,1469
5810,3391
1398,2798
3260,1924
5574,2117
968,323
7524,277
750,3860
7221,2708
783,1225
5746,2451
5480,1723
5956,3487
5830,630
520,1970
5976,1981
7474,3735
1568,3676
3277,3097
5828,680
2528,870
1857,3477
3117,2149
6271,1652
1427,849
7231,2022
3731,3217
2864,2370
7791,3286
5986,2527
3246,1840
3218,3039
61,1741
3043,1368
5295,879
2990,3519
6309,1513
4912,947
4361,3862
4770,3588
3636,2102
4774,606
6512,229
7709,1782
6871,1434
3989,3119
3610,2201
5728,1417
1310,2549
2432,1032
1728,3206
4990,3868
2809,2242
6553,2034
4381,571
2076,1622
5694,3990
4616,3363
45,3939
3697,841
1056,2558
6629,1274
7087,2464
4102,3121
3769,834
5625,3359
3107,1776
7927,435
7040,70
1089,2502
973,938
7856,1632
275,357
4394,1066
1839,2335
6513,2449
7470,2550
4629,1075
4434,1083
6154,1770
6706,2153
2068,626
125,3874
1055,3097
2399,1896
6763,2978
3132,1493
6884,2613
2649,1336
4879,2919
3610,1997
5345,1633
6438,2519
106,1999
5222,3964
6574,3656
5037,3133
3412,149
6834,817
6648,1664
2360,1565
7131,2171
462,2386
3386,521
1394,227
4988,1997
5777,1697
2116,3789
7338,692
359,450
3856,1656
3319,1983
462,1139
6206,2748
3428,3151
3463,1246
4080,952
1557,1188
2792,1395
2679,3728
4356,3800
5363,2481
5049,2478
6623,3721
3871,3970
5008,3199
372,996
1001,2596
1337,2622
1493,1914
7738,3377
7247,357
6187,205
2910,82
4782,2381
7775,1823
3186,461
7802,2630
565,522
695,1289
7721,1428
6057,3963
885,3762
7816,3945
4882,2706
1501,2692
2646,1995
1302,1035
1422,1553
4857,793
4739,2004
7029,3912
6431,1238
2900,3553
1001,3431
141,1026
5741,2655
1527,1994
1655,2967
5719,900
1533,2884
3482,3501
348,369
4446,291
6523,151
4714,1965
3020,2172
3711,385
6385,1222
4358,1718
6011,3066
3496,2599
2125,1558
1084,2751
5855,1575
2843,199
4574,2407
4752,3434
177,1750
2220,3458
4503,3668
1654,3457
748,1113
6719,413
4939,2545
3282,3256
4492,3800
4298,2187
5870,301
5823,1999
7120,22
3864,936
2266,1200
3012,2735
7737,3696
6660,1338
1927,3259
1760,2602
5064,1823
3706,3728
4624,1452
5375,2364
3203,1555
7353,2468
5109,249
513,2926
7472,1815
5906,91
2067,3762
441,2511
7959,3826
5545,1953
685,3169
5740,2875
7875,3489
1459,3918
4070,1610
5646,790
3266,3680
183,2917
132,2797
1416,3279
3296,1472
7693,850
5486,3777
2612,223
1583,623
929,2569
7150,2073
4190,1129
1474,2997
6448,812
5104,2464
1668,826
1005,3955
7624,3203
7297,2270
5271,3047
4294,3107
4236,2466
80,530
120,755
3687,2397
1134,904
5103,1751
2811,3592
5673,3054
3699,1084
2514,2529
1766,1275
5865,1375
2802,656
5262,3647
4082,2986
4486,790
1236,1952
2779,24
1609,1727
5152,3054
7573,2737
5330,208
7878,2316
6618,287
5825,1844
6640,2785
4791,3981
7001,3130
5943,834
7761,3652
2846,1803
67,11
4905,479
1076,2856
6123,1110
6784,2615
7962,1752
2429,1303
1667,968
3836,3133
3102,199
6254,437
3324,742
3554,887
988,2508
2348,1026
2014,2783
2850,567
2447,2803
3072,2197
1891,2252
1067,3372
832,2258
1554,704
1782,1680
1073,3580
6861,2633
48,2512
568,3608
2408,3145
5925,3393
1797,2860
3254,2362
2438,911
3721,2928
4193,659
2675,727
4804,3137
2444,2609
3319,1536
6436,3226
7005,3761
1940,942
6170,3495
7022,2040
2574,2438
5974,3608
62,3415
3946,15
2580,1797
7325,426
5373,2903
6689,1897
4464,1546
2754,2923
527,1994
336,248
7525,398
565,1866
16,3149
6501,857
952,1888
7794,2562
7485,1110
6271,1523
239,2222
6925,3829
1782,660
241,2422
2514,3099
4966,2195
6461,531
63,895
4589,3047
7989,1170
4662,599
6622,3760
7179,3085
6655,2292
677,3773
440,1657
7100,894
1885,326
1010,1983
2406,2004
5647,200
2364,3357
1959,3726
4275,3138
7704,2546
279,2584
4720,375
2783,1873
7851,3199
4863,2819
345,2177
2521,247
606,3400
4499,880
5459,2539
1156,3541
4235,3876
7559,2333
1200,3248
242,1622
331,2658
2209,498
6370,1188
939,911
6779,2475
5750,289
3583,3349
3239,1662
2362,450
6577,1414
2303,3724
271,941
7657,133
6669,3143
59,3852
6847,2607
5161,875
7765,1747
816,3951
5639,95
5920,613
2090,2564
4666,2542
7589,3685
2676,2975
6397,1662
7769,599
5579,1234
3341,2237
3664,303
5998,598
5087,2496
663,3360
3704,1263
2622,782
1461,3669
445,577
5597,767
5614,383
2967,3678
7279,1842
7608,2316
516,1920
5053,790
5212,2274
2004,2218
5100,35
1877,350
2616,3159
7374,3418
5232,3477
1339,3588
4727,2131
4629,1094
7742,2908
4225,3422
2063,1137
2025,1474
6758,2585
4584,205
6073,870
2335,3275
3353,3078
5349,3741
2801,2082
6875,1929
6442,375
3356,1281
5873,2318
6612,3886
848,794
3368,921
249,1102
7187,3061
4706,1368
785,3181
6345,2782
6515,2822
1433,211
1683,2128
4325,2678
5602,2862
3985,2120
4189,575
7120,1672
7262,1545
3975,2988
3343,1442
6609,190
3705,762
6172,2929
762,2408
1328,766
7125,1071
2320,255
2148,2156
4217,2472
7016,927
7,2973
4673,1940
6071,1139
185,1485
7111,1895
826,1421
954,3349
3488,516
2551,2647
7401,2866
1873,954
3785,1658
1826,1470
5082,1189
2896,874
4849,1903
1201,2089
3660,1650
5963,2021
5479,1805
2228,1790
3694,2544
5272,2375
1868,1127
5849,446
3489,3072
529,518
4819,3131
3955,3395
316,1934
5263,3185
5185,3186
5940,224
7170,2861
1199,752
2861,2460
1842,3718
4781,669
3408,1192
5312,1303
1381,2139
3943,2086
1555,22
1974,2023
5415,2786
1483,2012
6425,3504
6683,604
2354,1591
552,2074
136,1161
6031,817
2213,3282
7037,3785
1350,3436
2690,232
3391,4001
5822,472
2300,286
6135,2864
6370,2415
2061,386
1171,381
325,1089
3536,898
2049,333
7674,1221
592,3517
4529,2550
3426,2439
5341,39
4820,3406
2827,2628
1962,1257
5039,177
3738,2252
7752,2079
6597,3318
1249,427
1537,3990
5811,3539
2897,2874
1448,1398
182,21
6970,1095
350,3308
7546,3564
3579,1630
2733,729
3119,2126
1105,1861
3939,1262
3645,3878
2487,2474
742,3374
660,1646
2237,1569
605,1268
886,2897
963,2830
6052,3032
5239,1260
6720,209
5179,2923
7561,1268
3602,570
197,3084
6486,2858
2341,3831
6824,338
7494,633
385,956
4244,221
1703,2608
4105,1161
4092,1242
3667,2365
3057,1722
5012,1608
2519,553
1987,3879
470,1795
7152,2811
5174,3893
1060,934
3675,1411
2278,2
4942,3510
730,221
7669,3777
4485,2676
7269,2511
940,2571
7566,3307
7897,1479
4309,428
3647,3880
6591,2394
7541,2599
2824,1857
158,199
4436,3889
5418,3739
4029,815
6005,1588
1035,3933
6861,197
2945,1248
5073,1429
1172,2163
1652,2784
1143,3208
4193,267
6545,3158
6265,3074
2192,1988
3831,3728
4375,80
2805,3161
5075,1980
840,3223
6315,2901
6917,3408
5398,1858
6183,912
3270,806
3017,3368
6466,3665
4045,2403
5329,1161
5791,1345
6994,1840
1364,1170
7081,1171
3372,16
7892,3087
6710,1753
1115,256
6547,1064
4454,3111
5714,1615
1064,1623
4283,947
6841,1692
6631,1124
2498,1928
2444,920
2513,2555
6871,3523
973,751
4658,244
835,542
1509,47
7006,3952
536,322
6198,2692
375,3431
5247,2394
4334,3509
3106,2683
3027,2179
3816,3238
5412,2555
83,664
4645,3606
199,1367
7020,2649
4773,2811
4088,748
5753,826
7099,3091
5513,942
5880,875
2958,5
6407,2594
6015,1220
2806,1491
1288,409
5322,317
3034,348
4643,2336
7004,3616
6397,3955
3263,3100
7570,3364
1071,177
4317,973
6181,1624
698,3471
4441,2058
1450,814
6293,1994
1266,3113
6565,2290
7650,1876
7338,1049
755,2164
4942,2270
5130,534
4882,2164
5145,1196
1860,2154
677,3589
3532,1782
3362,808
2980,1981
6906,3309
5416,3809
7468,2296
7107,3080
1361,3187
4553,2853
3450,1126
291,3749
5814,2518
1317,1592
496,2999
6140,2169
4084,431
67,28
6482,169
2292,1556
3099,1555
4795,3294
5129,1844
294,1677
5307,1389
1209,850
733,2411
2527,3112
614,2470
7355,58
5435,250
4699,2226
49,447
206,510
5871,2951
4492,1056
4338,531
5460,979
1835,754
4179,2742
6211,1527
4864,1270
2174,662
7941,508
317,3612
6039,1679
4638,2792
1446,3112
2814,457
7664,1073
478,21
1520,2936
3619,2467
6261,2742
3831,2021
5133,2582
3598,2534
5536,3428
6211,28
5272,2196
2848,2730
4222,3116
1340,85
7584,1615
3647,2113
430,2151
1665,2791
3493,2414
1105,533
5155,665
2898,738
6360,3458
5951,2444
3805,144
270,3536
6943,2213
4467,517
7732,68
1915,2486
6030,1309
6681,2170
6477,2582
126,2770
1454,2551
1505,3006
4193,3858
7966,3004
4025,1294
1338,3358
3005,1743
7813,807
2075,2019
3480,130
3644,1803
1982,2718
5299,3652
4719,714
5902,721
4024,3177
2703,3751
2870,3954
5237,1748
2240,3943
4467,2285
5861,560
5122,2515
2443,852
4050,2785
1590,1171
6299,149
6825,2306
7507,3256
3431,3043
2872,3180
5714,1153
6988,2225
3701,517
4193,276
4829,664
5514,916
97,214
6577,3954
2691,3211
1031,372
1391,365
4054,278
2272,917
1970,3471
2914,219
1742,3355
6514,2157
6570,3242
3009,1419
5866,1380
343,2786
5698,2743
5845,3812
3342,2911
1171,417
3262,592
5032,3780
1199,1251
7303,75
916,699
6,804
6163,627
7931,2721
684,2150
447,2776
3924,3514
5716,1562
5920,713
6499,2478
4061,1230
6749,905
2620,1993
1156,1963
5674,2702
7938,3545
3966,3056
311,2323
3084,518
5648,3858
6934,312
6098,3136
994,2152
7223,2803
6439,959
7727,391
1569,1491
4743,2903
1412,562
4647,760
1357,461
1205,2323
5555,3876
3800,1788
4541,2602
5975,1651
2605,3637
927,3223
7770,2852
4131,1570
6299,237
1438,2533
4063,1634
7540,1600
3674,2783
5238,1150
5082,563
4165,1003
5944,3657
5070,2547
2473,3474
2099,1209
1972,16
2186,688
5886,3489
1150,2906
2561,2374
6739,1306
6427,751
72,568
3587,3558
7637,3824
4246,1940
7700,1111
5647,51
7996,1132
6742,3346
7047,3447
4591,3838
2294,737
3219,3987
4907,2223
2908,2719
7731,3260
3097,3407
1831,1649
2625,2937
39,2916
7493,3749
5383,747
1918,408
7046,3835
5574,3966
1401,641
3810,339
6215,2812
4957,2639
4877,661
2288,1356
3810,2909
732,3957
5492,289
7834,1964
4753,1036
3626,792
6274,2842
2057,586
4050,1652
3454,3786
2988,1868
274,2563
1954,1047
1567,2375
4938,3874
2113,2912
7747,1138
7594,1621
5269,1660
7890,3445
502,3357
1611,3810
2089,2200
6194,1981
6914,234
6145,3755
4996,2635
2818,3105
4011,3364
5470,2353
5829,487
5140,432
1466,2223
261,3555
813,2357
2411,3942
6011,2892
7850,1624
5601,3738
6783,2343
5562,1395
2453,243
7589,2867
3062,3874
5253,920
4254,3359
7778,2810
556,3952
3820,968
1650,1747
7072,2784
3755,2931
2692,331
1740,2861
1164,1747
499,1273
1951,673
6524,472
2291,247
4339,2041
7636,3975
4259,2535
6148,3342
7565,3731
5245,3057
3892,2137
5586,1682
5717,1777
5427,2383
373,2357
4367,1175
4498,3530
5524,458
187,3085
2706,3340
1852,2843
5693,1509
2801,3101
5841,3992
123,782
7824,94
5457,1322
7271,990
3886,1396
1519,908
6696,900
6863,3227
5793,524
638,1760
7126,1798
934,1477
6101,1276
5796,1030
6539,563
4716,43
3003,628
2826,3394
5963,1144
1219,3225
7609,2320
6554,3253
7530,1071
6318,2162
867,1044
7424,2360
7441,3255
5395,3126
6722,1807
3500,1309
5430,1470
5881,2236
1232,1786
2702,2355
167,3449
7818,2230
7738,2872
5848,800
448,1352
5906,2993
7580,2998
2623,2086
5103,3381
2813,3380
2184,3817
2426,2016
1398,403
6428,190
7103,3828
3265,36
6825,3776
2592,2569
4917,2561
3278,3648
7339,2469
6557,267
5905,2373
7263,1630
7093,754
904,1458
6122,1406
4145,3682
3663,804
4665,3237
7498,2038
2566,3080
2964,1345
1065,295
6830,3935
7456,808
3314,2105
3701,3637
5892,1462
3843,3796
2023,484
5336,1796
6252,930
4918,566
1605,1703
4276,358
6903,1427
2306,3924
2670,1393
586,3171
4586,837
3057,2190
5335,2903
5820,386
1531,764
7184,1468
4553,2750
6929,2559
146,3016
2604,690
6875,975
625,1524
5321,3808
3352,861
7993,3554
2341,3698
6636,296
549,1956
4320,982
2904,1574
3130,44
6313,3177
6942,1492
5016,2102
7585,3492
7480,2280
3158,145
7508,739
4229,1168
