source,target
1713,7098
3667,5603
6846,6463
2289,7613
6120,7206
2198,5498
1099,7262
5071,3086
7915,2121
7793,1524
5369,1937
2538,2587
3254,6498
435,6061
7023,5895
2209,3260
3750,293
5979,5707
3089,4110
7206,4663
6972,1347
220,4609
4937,7433
6012,4857
1688,7462
5786,3527
2881,1144
6135,3033
766,7731
2283,2084
1766,2805
2687,729
7636,5128
3991,6119
4326,1523
6796,4134
2785,7101
3352,615
5618,3391
7722,7509
6991,2597
6490,3911
7612,449
4279,7078
554,843
5115,4150
1658,3577
7392,7810
3679,2295
3724,7400
2145,3332
3559,6142
5309,680
717,32
810,6165
2655,4952
1014,1562
6964,6440
463,5630
6189,6454
798,7615
5094,7701
1742,6567
4553,6764
6955,7495
4156,2181
5477,5907
2170,948
7987,5978
3904,5346
6868,6880
157,5045
6256,6617
5996,2653
3549,5316
3999,5502
5887,98
7409,6197
3655,338
4349,1417
283,459
877,2992
7510,2101
3979,4987
934,7844
1651,4510
1364,2354
6889,6304
3297,7927
1223,2779
1355,4008
6543,1649
1327,7433
1695,972
2312,3024
130,207
4949,6808
1890,3550
2073,2558
6492,4742
6076,4188
2156,6347
2319,7520
6407,7245
2349,392
6856,4182
2877,6140
6722,4418
6675,6151
564,3659
4790,6003
1114,1585
188,1729
5536,2690
1106,4034
7474,3211
2136,2005
1646,1627
2665,2814
443,5616
6712,4638
3827,897
3861,4053
3900,7463
3343,5681
500,1833
4532,6417
2890,2339
1716,26
4330,3153
6308,2773
1104,4797
7902,5988
1278,67
709,1439
4424,5438
7718,4816
5965,7761
506,2758
5632,6292
6536,3226
804,4376
3175,7868
5398,7705
1249,7992
2564,2559
6452,7819
4028,1617
4402,7068
415,1015
3592,89
4212,6634
7579,7471
6232,3514
5134,3557
3731,2683
3360,7958
6663,2893
1331,7497
7298,5319
4839,7407
178,6400
293,2808
5944,121
56,5074
7061,6378
277,703
3777,7655
6075,1361
282,1903
501,3269
4601,785
7421,6586
7457,5436
1467,5004
3473,1441
4906,7249
2745,2759
6556,2159
6089,4075
1108,3545
1380,7505
593,2276
1523,1515
5738,1290
4439,4005
1620,7738
4022,7435
1473,7769
950,1688
2339,6873
1032,3612
4495,948
5724,4104
6460,3398
1778,665
7722,3141
7889,6879
863,3358
2128,2345
1228,5100
6161,3472
6799,7767
5390,3804
4434,5319
1419,5526
6096,1476
4331,3563
6520,7340
7775,7161
4138,1871
2617,4857
4894,2155
159,5066
1828,703
7962,2774
1669,2830
3534,1251
1481,3442
1220,5624
6930,6361
5667,7849
1062,5857
958,2689
7946,7756
5639,1036
6537,1248
6176,4286
916,5598
2194,707
2563,3804
6870,1828
1658,5825
1937,3923
2022,1245
4702,4499
7207,3811
4163,7622
6600,5635
6276,7317
4841,5288
2646,3062
5694,1355
4396,5341
4528,3762
3246,5889
5985,3337
456,9
3341,1563
3039,1747
1676,4141
3805,2273
499,4407
3821,2593
7067,4928
579,6040
4473,5013
4818,1258
5420,2021
7457,3784
1750,4412
1784,2550
353,6426
6260,3128
6115,6192
4026,5400
6620,2102
3208,4951
2780,1644
2023,5166
1026,7403
4669,2623
7583,7206
5759,2973
248,5570
4611,5620
1514,7504
1139,151
4712,7587
2334,2725
5152,2771
5160,3926
4092,3724
3362,6375
5381,4371
5812,3360
4257,1815
3831,2047
2045,816
4191,3203
6086,6006
2837,3094
6736,5888
1827,7447
1626,1080
2633,5956
3433,7128
748,5633
5264,1923
4782,4295
6801,7362
5977,7276
2142,6681
7988,3274
6008,7814
3832,3919
4537,277
1629,5281
2669,547
141,2923
2202,3885
5882,4297
1312,5523
6667,908
3515,495
2673,6058
5286,6604
5720,5125
2074,3077
954,7766
2421,7676
2253,4598
5877,3635
669,6985
6691,6986
7412,1223
524,2902
2421,424
3946,3930
5192,556
4514,164
2991,3524
5287,3142
7863,5344
2556,2928
4107,3414
3734,871
3491,4588
5343,4836
2457,5890
7959,4043
3548,351
3797,3014
6525,1558
2604,5822
5671,4180
2281,6198
1324,6665
2232,4355
4282,2161
1829,364
2924,2686
8000,6234
7293,548
539,1916
1239,6592
3565,7738
2889,6758
7065,6675
7192,1797
5128,5013
7212,4793
6578,2104
7915,4142
700,728
4579,2539
5564,3982
1825,1154
4440,6761
1055,3859
396,5326
7001,1592
5962,6825
3392,5200
5051,463
264,5291
7588,3570
2972,4175
2660,5248
4913,7397
5849,6872
5944,4931
1955,169
685,1623
2048,6825
397,5804
4439,3184
6948,6940
5008,2223
7428,5651
352,3407
7378,7675
1186,5482
6586,7754
6561,1952
706,7140
2482,3223
5884,5165
1982,6867
6614,879
2142,2862
6539,4837
3935,2228
4988,7074
6116,5661
857,3809
3563,6632
4025,938
1896,2832
3018,6237
4749,7469
4834,158
1835,5994
6964,3677
754,5919
3870,1472
6420,779
2910,560
776,4655
5989,3837
1835,6921
5124,2671
5761,172
5251,1386
2520,1592
7313,6524
1805,380
6933,2887
2600,7909
2658,1286
4579,7392
1034,7037
7432,596
1738,5441
7544,7605
3106,3745
711,4295
4680,5104
1861,1008
2226,5616
2904,2871
5777,2909
1029,2911
2014,6483
7309,2138
4044,1372
6772,5548
5149,7002
2909,3101
7505,6541
5520,7706
5881,4034
414,6570
1321,7833
3036,5320
4235,3825
6794,2017
2705,5554
4504,5099
6018,5110
1662,7263
5238,4373
7433,7125
3357,1675
4982,4923
7929,2376
375,6258
3052,7765
18,5766
7851,5726
3305,5255
6354,7712
4500,6344
466,1136
7018,5108
4165,805
2271,2952
7906,1955
7367,4464
7372,3653
1849,5250
2629,1446
847,7249
1087,2892
905,5871
5011,7730
4945,4035
2187,1137
2329,5315
5273,778
1568,6925
6059,722
1236,7848
4310,7994
3026,5522
3695,5946
3849,7685
3193,2842
508,2251
3192,3101
5989,1978
7844,1930
3959,5455
5945,5016
1341,867
3947,4725
2718,908
55,5555
193,4179
1045,3344
3021,5901
5258,800
5641,6808
6937,5337
6307,6132
4377,2363
1228,7291
5218,2842
5312,5374
289,6025
6883,6078
7180,1957
2119,5124
2735,7035
842,4445
7204,7639
3293,1078
5856,5930
5855,1744
4650,2327
7463,3423
7848,4442
4385,1605
3730,4181
3855,7718
3399,1785
2737,7271
5694,3021
6848,3784
6229,1310
5652,2844
6533,899
5029,2401
3191,3916
2478,6208
623,3719
5037,5154
4263,238
71,4588
3575,2224
5385,1753
3567,6554
1930,7283
3591,34
7532,2350
4654,4944
3393,3937
6718,2634
5834,5281
6353,6906
2074,6268
5485,2142
6681,1743
4314,7019
3236,3013
5397,6879
6098,1068
2781,1762
1682,53
2602,6488
240,3016
7101,2310
6390,2882
7250,2270
2223,7052
4147,7528
7687,3993
2023,4111
7694,124
1479,198
6683,2083
3696,1109
3341,4404
3604,7044
5613,7554
6827,1762
47,172
2440,3378
2711,4562
7942,2739
7737,181
3617,1355
5976,4458
2528,1743
2096,5755
7728,2993
5392,4698
6029,5127
2654,7363
6809,3764
5374,2157
1423,3317
1422,3180
4561,1482
4425,7206
5213,6910
6603,5039
7774,3093
4339,2180
4767,6482
7652,161
2010,7586
3110,3071
1007,1064
6699,5038
6768,1638
1195,6986
5081,5125
2992,3485
7197,6657
2798,3857
2907,947
5962,976
2351,5756
6907,7482
4645,7499
4558,642
265,6860
6915,5798
5146,5934
2581,7752
6429,2766
4311,6894
6221,3781
7482,4563
6831,5195
3691,2215
4868,1926
1881,4458
5272,5427
7124,1120
568,816
7953,6578
6337,5987
3466,801
1106,4363
130,1831
3811,5729
7846,5292
2031,6378
3919,2914
7181,412
7525,5501
1821,4842
6045,6354
3165,1006
5538,139
6491,3314
2578,4613
773,4955
3103,2694
5724,4211
342,7838
4679,722
636,6553
4868,7015
6420,2717
6009,2344
2622,1575
4713,2004
2234,5341
1410,1569
7369,6799
2194,1608
4788,2894
282,3177
1638,7529
7419,1371
2996,7617
6733,6996
6205,2504
7503,114
3949,6938
2680,5476
2075,5431
7660,632
1362,5853
6986,4801
6573,2622
482,5092
2460,2083
4612,3391
1411,7837
1652,2743
4097,7139
5497,3229
1166,845
5972,3901
1597,5868
2638,5634
5857,5956
2410,7433
76,5351
4986,3520
2738,2926
4430,3963
3565,7063
199,1171
730,7670
329,7099
3552,3929
1743,7712
401,829
5144,828
7784,5286
1215,5624
4466,7455
4520,7036
1546,7182
2390,1876
3197,2355
7322,128
396,1533
3942,3736
591,1097
3264,7066
5366,1592
594,5010
5803,7339
1310,7908
147,1118
6478,3193
5812,5342
6825,5508
4529,5224
2210,1392
2544,7008
523,4968
7516,5547
3879,7298
7302,1513
412,5705
7846,82
7943,549
5440,4588
7018,5993
2530,1830
7296,7993
458,4948
2034,2326
5924,6600
2082,6920
7024,4873
2148,6695
2306,7923
3148,2309
739,7595
5090,6907
3029,380
6898,6159
6388,6675
7168,3327
5368,3795
3609,4973
6103,4246
2373,7078
1479,4289
1689,2320
5857,7555
5673,560
993,3370
1562,7830
2634,3362
4692,5925
1639,6794
4823,5763
2347,948
1701,5209
1530,2745
2397,3591
897,5943
6952,7912
7872,3113
6988,6525
488,4193
3230,1016
6110,6372
5652,3559
2719,7586
5561,4539
7871,4368
7609,1205
3402,5988
1308,7468
6603,5485
5264,6653
3050,2188
6174,7183
5872,6546
7743,7681
3943,4088
7304,1075
3549,5429
6080,1582
3143,3072
3346,2353
2049,3682
2525,6233
435,630
4457,5803
7120,1344
181,5889
568,7592
2924,3792
6077,82
3381,1682
7427,219
1001,916
4097,6641
6816,478
3684,1871
6820,4154
402,4052
4999,2723
1227,6783
2129,1419
748,5193
7569,6345
1166,31
7636,4958
2187,3899
1460,3938
2656,1118
3784,6992
110,7660
6393,555
411,4963
6836,1739
3542,2361
5755,3655
2615,466
1047,2752
772,7003
6760,6216
3600,838
7068,4206
4605,4194
3390,615
7075,6230
2470,731
7369,7098
6927,3337
912,337
1669,4631
176,2407
701,5626
5977,4292
511,6782
4667,3210
4094,1138
5537,7344
3080,564
4664,411
7832,4629
5294,2326
5705,5608
7478,3822
1445,3820
4840,7533
4444,3155
580,5169
4816,5166
87,6631
1485,4216
6134,4521
342,2876
4839,2354
6170,2787
7392,5242
4294,1694
4583,5171
3828,428
1688,5726
513,5448
2565,5770
3900,5683
3191,2538
441,1305
339,1170
3398,1891
3224,1742
4469,5272
7493,7263
4440,7856
5848,6419
4747,4791
5168,7423
2539,603
3028,7900
5285,1042
7500,1596
4521,4010
4013,2087
4860,6766
5939,86
2733,1522
7110,5579
5663,252
1439,331
3781,271
5892,5626
7213,789
943,1553
5747,936
1741,2046
5974,3965
994,344
3303,5613
1737,1532
1693,2337
3225,3977
1222,5082
3172,6710
1816,4507
6809,4619
4774,1139
4041,258
2542,2667
6982,5691
7503,4296
6439,7062
3095,1725
6313,3121
1658,7792
4144,6590
288,4007
1899,7871
1813,4879
5205,7457
3812,5865
407,1650
5885,6417
1290,5249
6227,4013
6171,6033
1347,1198
6216,2873
7662,4166
6727,1371
3943,4582
6213,4287
6344,4914
1739,459
1311,4740
6653,4449
3078,1178
253,5333
5136,7773
6380,3849
6815,5711
528,6887
3219,3280
4817,3771
5085,5964
4318,491
7601,964
4589,147
2522,1592
6815,129
7143,238
129,6538
131,3298
7663,199
1827,4363
3027,1904
1240,2309
459,7379
132,7327
4137,304
7337,6787
5844,7028
4637,3134
2443,5648
4762,1260
1354,7734
6322,4737
4677,5680
735,7926
6801,6364
1912,2638
4002,7304
512,6467
5295,1446
5465,1554
5298,1388
5398,3872
2379,6923
1646,71
7172,841
4939,3650
2287,7229
7362,3185
4140,743
4574,6024
5063,3753
853,4954
830,1638
5276,254
3295,7926
726,6427
1872,5187
7719,4374
5545,7107
2344,6932
6139,3602
2291,5294
4404,5867
2397,6897
3034,1090
963,5390
5877,5634
2813,2917
4106,7390
1968,5352
577,5910
4416,4335
2344,3400
3234,1560
1040,1200
783,217
4309,1342
4116,3748
4156,1555
7302,565
2357,3799
6484,6267
7743,2233
7221,4577
1770,4612
2816,1527
1272,2075
282,6978
6941,3857
2825,1948
5350,4327
7527,5577
7926,291
3955,6872
1386,2825
1666,371
1950,3129
3411,2115
3337,2148
1791,6850
5188,7148
7055,5406
1320,7768
4456,7367
7124,7792
1121,278
5646,5563
2165,1049
2433,4755
3988,5695
1124,5858
4180,7261
7868,3963
3012,538
4855,7703
5857,3069
121,3754
2914,4945
5493,7457
6446,5427
3441,6267
46,376
2731,7617
6076,7165
6682,6435
4666,7628
6925,5873
2112,6631
5232,3762
941,3957
1774,5989
3806,4230
2928,3346
5757,4549
7106,1547
305,4793
1687,2564
563,567
2019,1676
5185,3304
3494,423
811,4083
777,4874
2442,1991
3745,3763
5136,6086
7440,802
6587,6673
4234,6327
5476,5996
1909,425
4596,1806
7786,4896
7605,7560
1305,3249
3078,463
1097,6068
3049,680
6652,1410
6711,4911
5040,4688
5235,1219
7490,2723
1211,5329
1006,6511
2138,5564
5361,4880
6651,7462
6863,4516
952,5342
5169,579
6353,2022
7270,1947
3257,1503
2506,7149
2249,5203
4804,542
7896,607
4393,1979
2082,4475
4222,5708
2084,2344
7386,3987
2570,4853
1258,5410
2112,5741
4878,534
7973,2464
7073,883
990,4300
7703,4189
1479,2664
4863,2673
4355,1294
871,4862
7156,6275
4702,2212
6150,1124
7572,5127
4454,3566
5918,3887
2577,4457
3030,1535
3911,4914
928,3407
2846,1380
4167,6825
3570,1762
2501,2973
1530,3460
2401,4929
1206,3420
307,4297
4804,1060
6083,62
786,2629
976,94
2542,5702
7468,7249
7802,975
4868,451
5179,1561
254,2274
7376,6005
6459,2294
2879,3509
5884,4695
3691,4155
4704,7376
3426,4892
3723,4559
403,5360
1571,133
7709,3961
52,2272
7234,3757
1267,1314
3514,1953
5536,4702
4708,7956
2628,7887
2711,2262
5146,4821
3735,1747
6090,2061
4835,2432
4880,5003
3499,4641
4156,5047
1375,6708
1170,7745
6883,7294
7377,386
3423,303
657,433
178,2228
6661,4990
3526,7002
2273,6734
4286,7514
2069,6228
2445,5189
3638,6217
3040,5389
7230,1927
6843,1901
170,3783
2210,5878
7170,3957
2925,1527
2677,2093
7871,1417
4514,853
3280,4276
6707,4503
5989,4417
6372,2105
4897,2078
4642,3674
6390,5927
2318,971
5940,3479
1056,4551
5186,3786
6632,6033
3178,6830
3504,5033
4557,3718
6846,1386
7928,90
886,3203
2575,1279
2907,6544
4966,4862
3830,212
5103,6436
783,1109
909,1638
1752,852
4231,4078
4842,7528
7512,1094
7334,54
1763,1248
4414,7887
2115,7423
5644,4902
6913,5318
5536,2668
7007,6683
1815,2442
1297,5240
4774,2298
779,4302
2870,3715
4533,278
2730,5519
7932,2293
4476,2794
5186,6410
261,7577
7029,4568
7451,6421
4349,843
1876,2467
3727,3369
1129,2705
4063,4758
6710,975
5682,6531
4510,1383
4689,2293
3852,6938
3609,3758
3476,1177
6384,3066
2423,2205
402,3607
3525,1059
5641,7681
7197,5703
5627,2778
4816,4732
1629,6131
548,870
2822,3834
5749,468
5854,7104
6389,2909
3317,100
339,918
2288,1761
5562,813
7326,1010
1968,7525
4712,5406
5983,1774
935,931
1009,2144
4048,3971
6996,1940
4170,485
2269,1695
736,7338
4552,6828
3026,4366
6046,1589
1798,3766
751,4702
1564,7900
831,5998
1055,2003
2173,5290
6679,5817
3566,7952
3387,6841
5097,6765
2627,7034
3387,155
3100,3432
2410,5787
4853,3293
215,3659
3511,1387
5373,5955
3793,5128
662,2450
2608,2583
604,6032
142,1743
7980,7008
5858,458
2119,5
1205,6700
3699,7325
7125,5806
4287,1853
7650,4870
2851,5867
7109,4277
4805,2994
2113,5932
7064,5990
7521,284
5599,1908
2513,665
5584,7461
6281,3562
4755,3567
676,5551
1641,5368
4431,7791
3818,232
7645,4478
5159,6633
6006,967
2350,510
4656,3964
2603,1405
1206,3223
3819,1578
3620,3595
6204,2930
1653,5324
3441,7297
1300,6392
6914,4608
974,3168
6287,5870
1193,6839
5381,5914
5646,150
5530,315
1057,5610
4722,1900
3569,1531
5667,6918
1099,857
4054,2972
937,4261
4228,3021
2440,1017
3168,2698
7959,2805
2324,7525
6411,2215
4899,273
7887,598
6509,7036
1433,7468
5137,3270
2840,893
1196,2204
6410,3960
896,4854
5609,2793
4017,4713
709,1128
4968,1897
3437,4258
7706,6751
4679,3585
163,6755
4223,955
2188,7318
7516,7732
5228,6623
2158,3473
7978,2304
6820,5018
5152,2452
890,3659
859,5415
5199,5368
6847,3698
4756,5658
2759,2353
6433,4537
6187,3491
2722,4280
6170,6110
3886,760
3623,1484
4280,5930
3008,3718
2462,3445
7576,1035
7967,3520
5863,6876
4522,4316
1095,6264
1809,6545
7039,2927
604,1796
3869,6182
7098,7874
3708,7270
2771,6827
1189,2848
2936,5885
6098,4033
7484,4540
5582,1646
2908,3579
4408,4765
2585,1610
3302,6159
7719,6653
7013,6637
4222,3156
1823,7422
461,1740
5462,3267
4942,2241
5388,5680
6900,2878
837,1287
1922,5347
6244,786
4917,2226
7539,6716
5601,1718
6974,5004
5146,2448
5982,3903
2953,5599
3091,6018
3998,331
5643,6025
7588,3951
7103,5135
1520,2720
3389,7978
4595,1118
5376,4746
6575,3159
3387,3726
5574,3026
3445,1602
1454,7742
2637,2617
5697,7512
3423,6915
5873,4339
7679,2380
409,2023
354,6097
6254,1880
2269,5695
3092,5282
4101,1834
3533,478
2293,1191
1036,1108
2733,7110
2664,3133
6679,3567
236,3315
7270,3352
715,3767
6743,928
7153,1695
5082,6091
1332,6426
2441,6747
3945,2721
7254,3847
3027,3964
2308,4954
1911,1646
524,4971
971,1023
7904,4149
2572,1508
3211,1746
3183,4236
375,7833
431,6217
4809,5392
7941,2649
2023,4048
2486,1617
2009,5300
6662,3557
7821,5693
1610,6614
2804,5894
5531,4536
3403,5470
7335,991
6644,3271
7905,2086
4098,2378
4568,6107
84,4277
5414,842
24,1075
6655,5541
7601,1094
4009,3085
6899,6435
2570,7039
7435,4649
7389,1438
2940,6912
5759,4568
4484,5578
3494,6008
4893,7369
3376,1544
95,7117
1945,161
2818,7255
2375,1169
7874,5584
3904,3303
5531,7711
3835,6557
2100,4395
2388,3811
7384,2669
600,4740
4063,7920
4800,3959
1771,4200
3259,581
2766,1261
2084,1937
2697,4242
1939,3785
3760,4198
6543,2664
937,7367
1249,5669
3411,3037
1156,2043
1666,3642
6520,5014
6761,5708
4789,6935
2577,4797
5117,5444
3973,3111
3274,6671
4688,4919
1959,5569
94,1757
7515,5507
832,237
5952,5961
2635,2069
6961,6812
1504,1531
5985,6338
5701,6707
2889,4043
1522,3738
3001,5947
297,2642
1168,2639
4284,6234
327,3566
4018,1928
7463,2925
2820,7078
6171,7743
2690,39
6880,184
6995,7108
5464,4348
5721,6904
830,5256
6131,7956
6388,3804
540,7807
6585,772
2609,1230
7094,6786
1359,3388
5559,5402
4570,70
2615,7162
1883,7782
7764,4611
2113,7401
4321,4792
7752,7535
154,7810
5623,2751
7794,4189
5379,6341
3593,3043
2961,4329
250,4403
2137,6988
848,830
4582,3681
3992,1454
3386,7462
2129,5042
6350,2814
7168,4586
5942,4269
7200,5228
355,7599
6007,305
6595,4149
2884,288
7043,5437
3285,6260
7924,7053
2101,652
2443,1995
5185,1551
1923,316
2587,1977
2141,6935
7160,5767
5319,2949
1877,3643
4699,2872
4423,2956
6078,4389
2735,5422
4905,5791
3787,3641
2564,2385
4138,4920
1454,6104
4024,6353
1497,7035
6327,4940
4691,3208
2639,5185
7007,4556
4156,2147
7682,4590
7589,3619
5849,5608
5389,1858
6695,2275
290,4598
7341,2927
6067,184
4018,6556
2943,1768
4322,1079
5672,1950
6739,6180
1287,270
226,21
345,791
2364,7140
3798,7912
7481,1043
3490,5903
7906,7581
4380,5536
6675,7544
341,510
5884,4330
3483,5065
5377,5573
7731,3300
1858,6209
2468,1249
308,5556
1200,7692
2030,1200
3998,6929
768,6393
6642,7306
7934,2145
5887,4649
3098,3587
2323,6655
559,1816
144,3047
410,4665
4378,3793
3267,497
3436,3310
7738,3134
7941,6581
2300,5285
2049,17
4052,5807
3202,7655
5790,5571
5453,1735
5223,7329
6321,942
6576,6904
3425,1781
5329,229
7907,5531
6715,2890
417,3818
3094,4294
925,3720
1929,6486
2946,604
7895,1288
661,1050
7014,7127
5002,557
7580,7016
5299,4288
4578,3552
4115,5098
3978,1504
6417,7155
6413,1758
5576,2759
7597,993
571,4662
2361,24
3686,294
1007,5016
7856,2390
2555,4785
5244,3599
3102,7851
1886,1769
4202,5346
7467,5559
7657,3835
2537,464
5022,5826
2149,1659
739,482
1892,4022
433,3520
7857,6243
1279,1332
4821,6288
4033,7332
4005,7713
1233,4287
6709,4444
2539,4243
6378,6929
3731,5068
5166,4196
3409,2442
4156,6073
220,2525
922,1338
6421,6176
167,455
2602,5039
2122,6779
27,1734
2314,3799
1625,6263
7548,3726
1098,71
2007,1581
7978,6567
5604,1764
1163,2954
1936,7732
1917,999
6051,1463
5832,6477
1995,3527
214,2781
2770,4940
7918,41
6959,3750
7707,3688
1592,7411
3179,6034
7733,445
6867,350
5071,7811
5808,1366
3559,5091
7208,531
5123,7521
2415,4187
3939,3734
1573,4627
4082,375
413,4131
5848,6465
3705,2277
2732,4734
7857,1096
6663,6391
4850,1223
2483,3190
2083,4802
515,6455
7746,3766
4860,6507
5037,2398
4913,1384
7549,2021
6956,7664
909,582
6088,2203
728,578
796,7204
384,1661
7442,6606
5355,2422
2325,2289
4744,1249
2473,229
2416,5539
7828,2761
2599,6121
4474,4273
3009,6054
6854,7850
4129,5863
6980,1066
3357,2004
3469,2457
3901,133
2777,5814
6563,958
3960,4776
5188,7817
5020,5986
5140,4399
6414,6065
1408,3154
3585,421
3605,3050
1604,666
3134,3290
912,7330
3882,5102
5313,4240
396,3124
2146,4387
7228,6963
1505,4174
6779,268
3874,6048
5588,7148
5999,5269
4829,4204
140,3896
7965,7877
1384,1203
6535,6067
7984,7925
1765,4837
5374,3070
144,5597
3567,7178
1883,490
7379,24
464,2368
1021,3669
1426,6257
441,2666
5025,7626
4445,159
5244,4108
7416,7786
5153,2566
1832,3352
6256,7756
3528,2903
1454,5846
2630,6173
7845,3830
3474,3577
2280,7799
626,436
3955,5007
5810,355
6641,4738
5113,1676
6808,2963
4599,2419
7344,5926
6715,2624
5553,759
2465,6350
905,753
5160,2706
3132,3308
7650,3558
1254,3654
1924,4849
3164,5277
669,7477
5041,5606
100,7989
3732,1453
3434,193
7063,3305
6382,2400
4042,1275
3727,3096
3526,7171
796,540
6661,6111
7495,3923
1198,6849
1529,833
48,1516
2367,4500
7300,6475
5665,3469
7956,1070
723,6089
2362,34
325,4396
673,1515
5717,4265
520,7840
1381,5807
293,6948
5766,6387
7846,5884
2131,6486
2706,6546
6235,3188
5774,5445
4726,1992
572,1451
1208,2047
4862,4836
3460,3928
3416,2844
5176,6580
3892,348
6022,1471
6206,6925
2850,6139
6575,1867
7447,294
6760,7202
6325,456
756,360
7717,5659
1392,4343
5853,7062
5191,5956
2478,5656
5205,2337
58,7534
1901,1931
388,7105
3318,2481
3040,7839
7728,2306
5321,7332
724,1905
5521,4612
7130,6728
7667,4664
2836,4774
836,7555
7736,1175
5640,1184
6203,3342
5153,7754
4824,3905
1251,1319
1135,5601
7939,2578
7435,1461
3885,4
636,3730
2484,7838
3875,1721
3428,7573
7692,5133
1907,186
1141,4719
3350,3621
1069,7288
7345,7805
7320,4050
806,2087
2767,5619
7439,649
1700,7799
5190,1594
4355,4698
2913,7752
4980,6799
3003,6501
5884,6079
1901,5870
7651,6433
3228,5401
4689,4082
7852,1467
6162,4754
4819,1844
7737,5947
3016,1976
3168,2974
6233,5050
4877,4508
7644,5814
4272,4893
7741,7644
1608,2257
4919,724
7590,5953
7262,6962
5706,5521
1880,4984
681,6740
1132,130
4880,972
1650,4370
5602,956
4394,824
2493,6252
233,7518
4347,3257
2030,7662
2517,1430
147,5024
4705,4195
3103,6435
4412,936
888,5031
2818,5038
6838,4997
4346,954
2066,5196
4367,7975
637,2409
3385,927
4557,114
3899,885
3154,7759
1861,994
1863,6981
3001,5147
5796,4192
202,6091
977,2877
2241,6770
5684,561
3802,3674
299,3930
7307,5681
3222,704
3172,1160
4491,5670
3025,7015
7597,3379
573,2634
2134,888
7249,1212
1649,542
90,1487
7077,5741
5769,3766
7084,2491
3731,1599
5826,6127
2809,3119
248,305
1250,3387
4071,3888
6820,4065
6914,2895
3361,7522
5829,2541
5582,7324
778,6607
207,391
7482,7404
5054,524
1248,1750
5067,2877
6425,512
1917,7093
5416,7216
6679,7117
2790,5314
1878,6968
4054,3094
150,4604
87,5399
7763,5902
4018,4137
5645,4744
5715,1774
3141,3593
4501,757
2149,7017
4662,3840
1276,1815
1322,4721
1319,2066
4555,2896
1675,3520
5485,5883
4478,7790
3856,1067
4485,3173
3695,2143
5880,7141
1333,1127
2818,5121
3087,6862
5,3094
3932,6757
2586,5417
6914,3496
54,6493
6490,6416
1576,7117
7179,1332
3134,6220
1780,3932
4808,2806
7939,5988
1012,819
7587,586
3032,2760
3026,3284
2383,7833
7888,2017
2426,4095
6003,6474
7208,1410
6808,308
4112,5107
5812,629
6971,2729
1800,7072
7103,790
5555,3439
5221,644
7201,1164
7084,1394
6817,1020
4455,3269
3541,1704
6593,7597
5250,7945
33,7637
7111,5424
488,7174
299,3376
6487,2457
2511,4649
718,6679
5506,1265
1519,5999
6067,5280
3361,2514
7617,6456
2033,4399
5167,6575
5266,6214
7539,5659
5701,7787
6125,185
596,1690
309,1050
3896,5297
589,1835
1626,1038
950,3167
1014,1605
6110,1659
4444,830
246,5822
6992,7594
5410,170
2578,416
714,4787
3128,280
7502,259
4535,5506
7574,2664
3008,132
1862,3803
6086,5711
7057,494
4638,5661
4901,3537
5568,521
1796,768
2730,2058
3187,7629
7012,4109
7947,197
6174,5807
1516,578
309,5012
4305,1421
5012,6566
6207,5293
2871,3118
920,6033
1867,3912
3020,4821
5106,6022
1775,6196
7715,6756
3621,5515
7853,3235
633,5766
2395,3716
973,809
7603,866
3116,3581
5849,7852
7739,5973
6929,6142
7246,2491
482,1628
5592,6396
3349,4107
2554,6733
605,4619
6652,3289
3984,2356
1049,3048
7635,4139
756,7533
3029,5762
2153,428
5106,1898
831,6598
5367,1749
7545,5218
7685,2924
5323,1914
6606,4138
1002,7231
2045,7635
5564,1194
5810,341
7407,2529
875,5561
998,7746
3582,6214
1037,5390
4290,883
5069,7669
1934,3078
1691,4794
5081,4685
2539,3714
65,5496
771,2623
4967,3921
1834,7091
4343,3802
3263,2340
6213,4610
7077,4251
5907,323
7900,856
4975,2843
7339,2069
7353,7972
5689,7861
6530,82
6140,1417
4560,5193
4360,7551
6399,2265
7305,6760
4354,6807
3212,1444
1350,6937
5111,4845
3191,7565
1689,7548
7835,1974
4956,2203
2269,7749
2519,1352
1765,3984
6016,2883
1762,4529
1599,309
2601,1598
1629,2685
6455,2464
6811,4760
4370,2898
5343,683
2574,3256
4874,4656
2284,2201
1573,7931
1693,5691
7417,6376
2276,2778
2045,4899
2905,644
4842,5140
2057,1108
2795,1125
3835,3017
1264,7921
910,2690
4194,330
1598,344
1649,2407
1221,408
264,1833
6302,6619
6946,5256
2148,3972
3830,350
7705,534
5646,4368
7684,5167
694,2965
5809,1573
6095,804
5980,4156
3267,4158
3752,1281
7123,6101
4618,3397
2316,792
1347,761
1560,348
3402,4323
5488,5352
5767,891
1455,5725
3004,4900
5058,6144
4607,6346
3644,4582
6178,2644
7494,315
1779,6406
371,5998
4574,6647
3186,2684
6769,3177
1245,3544
7096,6218
366,2164
519,4998
5648,3503
6486,2567
1619,6107
3206,1354
3322,5289
5250,1183
6703,2804
65,3581
3287,7846
2855,7359
191,3851
459,3007
3253,4144
596,7758
5748,7479
5884,7693
183,2427
4086,1643
1582,7706
3244,7867
6030,7523
6049,3760
4675,7965
5494,568
5057,3378
2248,4851
7352,1079
1782,4751
6438,4697
5184,7682
1478,2725
7947,2082
422,3123
6529,4068
3542,2416
1493,2543
5052,2887
5732,7516
1157,1644
2935,2317
3510,6149
3109,1127
6304,1909
2005,429
3442,5573
7842,7994
3881,5617
7703,5147
6562,77
217,6022
2383,5138
7460,6907
4168,5257
1453,502
3129,4883
935,398
1722,7827
3618,1709
2044,2744
525,236
3614,5034
7836,5195
4063,6800
3525,4170
4654,6588
6052,3686
4254,180
4990,3635
6005,5406
5666,2835
6436,6663
171,6992
3024,4752
6627,5148
719,1397
1410,5154
6830,2619
7956,4040
4335,1846
2808,6276
1168,692
1412,2584
3462,2121
3206,3115
1609,2552
7206,7878
3144,1979
3879,7975
5054,7664
3276,5125
3548,2848
6679,3681
6630,2028
7020,6022
6426,6102
4053,3037
6794,6313
6751,7983
5579,4806
4641,2935
134,2445
3868,6819
5740,7204
4094,551
4998,6631
5441,7358
7978,7212
3312,3007
7561,2033
330,4376
7590,5733
3071,6185
4257,208
2519,1215
1393,1567
818,363
7409,4496
298,4223
337,7734
5396,5156
5549,7977
4006,3931
3066,5390
6642,7246
1245,2175
5393,1810
6614,2774
1499,6396
2905,2843
4370,4829
957,7687
4318,3035
1549,5557
3955,6381
1789,7972
4943,626
7350,2411
5855,3823
6354,570
3713,3043
1700,840
996,1353
2542,5215
3084,6826
4598,832
7026,1308
4722,819
6536,7578
3104,752
986,5825
3698,6307
4944,1509
7783,3616
4560,2638
2485,6819
3136,6610
6818,3778
2985,4624
4722,1201
55,2182
2491,6130
7261,3792
6996,5271
3093,5630
6124,6133
7941,5456
7735,6311
6717,6993
5314,7228
6621,2765
488,2366
4564,1647
4381,2400
2307,4988
7911,6275
3839,7974
3821,1957
5430,6606
616,5542
3177,2009
7414,2616
87,3181
205,803
3194,4105
7244,2739
3754,383
109,3135
5600,6350
6103,4054
7766,7072
2000,1671
7753,3868
2768,3725
4448,7081
2993,6101
5479,769
6594,7982
4404,1005
6522,3916
874,2403
73,3321
6492,6200
6922,5209
5385,5187
5525,1496
2117,1296
4210,5298
6393,766
6376,2334
2049,246
435,3800
3827,4104
7507,7690
4351,739
6337,4374
242,5873
7613,6338
5717,205
3074,2497
4914,4578
3227,7386
7798,3809
6032,247
3698,6686
4664,4237
124,4104
1842,7010
7410,1603
7983,1984
3550,1572
1510,3700
5045,6920
5611,3075
1978,6737
218,1195
1088,3582
3053,6225
588,7206
4269,1868
7960,2961
1926,4812
3572,6835
4915,4584
6344,1542
6232,2052
5940,4739
2158,1307
24,2620
1176,4207
7215,4761
3029,2634
7382,4845
6607,2607
2795,3956
2960,5666
5265,1708
3028,1105
2127,3532
441,926
2072,165
7826,714
2853,3220
7772,3327
7742,2465
5768,5434
5081,6328
6199,1875
6361,193
2180,6442
3895,6366
4090,944
2814,897
550,1039
2864,2855
3208,2551
4870,180
1443,1222
213,4076
6772,787
2700,3915
3583,6744
3674,131
4484,441
1516,5904
7697,373
2580,7609
1201,5736
4101,2597
1282,826
1915,1686
1828,2408
6648,5831
2830,3053
1000,1566
4538,2252
7014,7438
2560,1469
1815,5005
5057,7858
4724,2860
2106,1348
3558,6936
2488,1599
7498,7275
7082,1670
2516,7728
4946,2725
3215,370
7766,49
2434,7615
819,3678
1135,2878
3729,1693
7029,5354
3377,2863
3605,3434
4546,5323
1873,5839
1492,1704
7152,5865
5924,4200
3679,5830
2005,7521
3377,3976
7616,4744
4295,5538
7266,380
5323,6383
5172,7917
4118,47
664,4839
2034,7262
431,7999
1273,7219
2119,4312
4252,946
242,2898
5184,2286
754,1169
7490,671
6800,549
7387,283
3403,1755
4511,884
5742,2719
1568,3119
186,4556
5615,3036
5315,7634
2690,3735
6423,131
3889,6041
4056,4730
3675,7675
2603,3432
4133,1673
4745,5180
4194,2879
7667,7279
975,5027
6338,3625
3957,5950
6556,5139
305,3192
3075,6010
3472,3279
7303,476
404,2868
5276,7891
724,1666
7430,3867
959,4699
6001,5378
3201,5153
2525,7851
5694,4942
3638,2430
4667,6065
5377,3056
6940,2374
5299,1002
4488,4464
5020,1432
808,213
896,5457
5519,1558
7878,5982
3892,6762
3402,6377
4826,4438
5837,3716
2576,587
2572,4562
1300,7068
5422,1558
915,6682
3222,2710
2572,4045
3225,5867
914,6417
6089,1384
944,5004
752,6757
4262,6664
4121,4327
5842,2417
4423,4077
4906,1516
5833,5721
7398,5649
1637,5562
5179,7047
3569,3314
1793,4603
4098,6984
1078,317
1595,6477
3099,2359
3911,6051
1596,778
289,3694
1997,4550
2576,347
3824,5574
369,2440
1108,3046
3500,1679
4727,4451
3657,1906
2763,6157
3227,2788
2295,1067
2650,3058
4916,2155
15,2189
7384,7684
6504,436
7472,5994
6891,4738
3973,7021
4679,1681
1793,1327
6790,1930
7595,3264
991,1163
527,5912
7017,435
3321,6448
2217,5837
1695,6909
3660,2838
6046,2442
2736,2284
1949,1392
284,5078
3662,3573
849,1898
7123,2943
2360,4959
2173,5619
5178,6512
2735,2543
2542,552
4385,7328
941,2896
256,4160
3714,1843
2995,1263
4350,2315
3705,5869
5736,2378
174,882
1745,646
3629,3242
4676,1985
2894,5777
5276,6100
400,6246
5105,4280
2386,3087
5034,7345
5308,5385
6454,6872
2939,521
7062,579
4777,4596
402,275
4426,7928
2956,7897
5042,3653
1713,2853
6021,1516
5579,2541
3287,2386
7411,151
7282,2256
5604,4388
2613,4843
6379,3960
7065,4971
2299,6666
3791,2394
6622,5220
3013,5850
6469,3095
1160,2531
3072,5631
1092,3545
713,5806
7526,6214
5754,5112
5602,5177
31,7643
7952,1594
3814,7816
3633,6440
1267,5970
7120,1778
4240,6898
5828,7342
7810,6837
2834,3033
6070,5379
3759,4972
474,972
5283,6231
6281,6672
4104,2460
1246,7115
1714,6859
4906,2428
2857,5142
5760,2193
5457,3984
2413,689
5547,2887
1733,5477
1140,186
7448,6692
1707,2680
3268,1337
4528,3096
3556,2963
4424,527
2726,1129
1277,1841
763,136
2018,3911
1575,122
6708,3977
6840,1301
7388,2744
3731,7069
2322,4506
681,3414
5595,659
457,747
4979,5533
1808,5684
6341,4836
6075,7080
86,5249
5917,7839
2178,3792
3372,5953
6559,7600
1781,6673
1918,4950
3632,1872
5264,4942
7534,5903
2980,3344
2734,7765
6030,1787
2576,5672
3812,6064
4449,508
1570,3278
1237,6837
7341,5125
7186,7771
5812,1305
1384,4825
2483,1653
6175,5490
6738,2473
7658,4737
426,5506
5047,5866
4263,5125
232,6883
3144,456
5979,1817
1283,7532
4389,3456
1798,6330
3102,3322
345,3673
22,6627
5919,2410
5222,1399
828,5504
4320,6817
6480,6271
5544,3489
6944,2192
2716,1816
4758,5118
4335,3891
607,816
4755,5426
2418,3267
404,2324
7729,6915
770,1377
6247,1927
4935,6931
2482,6630
3607,4258
3898,5209
6724,3627
2399,2351
4145,5948
497,7015
5279,7486
1368,1325
3427,3391
7572,1460
5944,988
6687,6060
3249,904
3759,3360
5063,3707
1240,368
2320,4729
3085,7974
6609,2813
3783,7990
6762,898
3838,3735
2479,2927
1428,6136
4120,5597
3473,7713
6862,1670
5705,231
1957,7307
2266,5707
3433,4577
3794,6256
5009,4826
1261,3064
4113,6476
1851,7354
7691,6368
5984,2657
5093,3577
7669,7908
3062,2750
4685,2013
537,4038
1170,3145
676,31
4685,155
5491,2555
3908,4221
989,3000
5181,4964
3848,3082
1121,206
921,7751
7804,7195
2115,2319
7713,5829
3201,2774
1579,830
5471,5712
7837,5925
5361,696
1835,6180
1511,124
4690,4008
1785,3528
5602,2174
5372,4077
4444,391
5975,3822
7542,7896
1807,3111
4795,1776
1149,2331
6543,5270
4578,6424
848,911
2641,329
3225,3193
4746,5016
3872,5831
1511,4862
6463,5018
4207,2728
2384,7800
7689,199
4721,2859
7178,6133
3494,2233
5167,7039
5726,3707
7526,2003
6286,1436
3975,7175
5882,752
2656,7427
3218,3438
5549,5837
1465,1292
1319,7343
3360,5237
1267,775
6289,1258
3259,3179
6856,1330
5402,4598
2363,1727
7729,1524
5051,3871
6359,550
2099,3739
4013,4402
5516,7088
398,618
3955,1575
5414,6583
3186,4115
5978,6690
1787,743
7013,3838
836,1393
2691,5430
6923,3255
7429,3695
3643,5420
1989,5977
3111,1039
3444,7895
4403,4257
4303,1032
6674,7553
6640,4082
2537,4325
7297,6091
6867,7735
7499,5667
5310,5194
5164,3505
7666,4535
2151,4536
5426,6424
470,3669
3579,7777
314,3880
4137,4246
691,6109
3641,236
6411,5398
7593,1536
44,1078
7484,4654
5874,2445
537,784
5403,4699
7315,4691
5019,7811
6916,2039
5388,1230
2578,3171
707,1496
787,5922
1214,3355
5069,7550
1081,2390
1430,4791
3744,7449
3034,6496
3742,6320
59,1431
6099,7337
5203,5151
2533,3460
5269,6556
5678,5111
4817,298
5139,6171
1366,6553
6900,310
305,521
7999,3685
2580,7519
6495,2790
978,5537
6994,6016
4935,2740
1689,4495
3285,2351
1416,5616
73,6043
2749,4293
5531,2889
2797,677
1556,3536
5722,1827
2506,7778
4001,5882
1287,971
6127,3730
2888,4677
4948,241
417,4154
3312,6721
7870,7191
3849,7673
7876,4552
3711,363
5845,3094
215,5802
4914,7323
2163,7510
5692,7006
1442,6470
6227,1423
1044,1424
5151,2080
5670,6327
7725,2941
4444,1586
5105,4586
6828,6357
5610,6072
6007,1119
3811,36
6227,1311
5141,5964
3907,1475
1770,6351
3272,7614
3036,1920
5648,661
4284,4101
6605,775
6735,1746
801,6231
1107,5310
629,1783
5919,7103
4841,1619
1320,4167
7846,7223
7583,378
7823,3677
5816,202
2581,2839
6598,6961
7337,2389
66,5642
2445,916
5995,7437
1860,4515
327,5925
4328,6867
2567,5680
4378,5115
1992,1234
4755,5029
7926,2038
7769,5913
395,1506
2958,1027
437,6198
1251,1027
5526,5953
5481,594
4837,1408
2056,3980
7154,4532
3016,7326
1862,2079
2317,972
5288,5339
2272,2527
828,5654
2407,3626
7303,5165
6263,3576
4814,612
2240,2388
3931,1280
6375,4853
3169,7297
305,5059
7735,384
5722,4426
4160,800
3654,5626
1132,1844
911,3992
5975,6957
3069,6150
7055,6206
1555,2153
7091,2510
2118,2492
6966,5081
1289,3697
1475,1444
4739,4351
1403,2011
4322,6797
3865,2697
2761,3129
4279,5490
421,1157
1130,2064
2333,2398
5575,4905
40,6539
3401,5897
6840,879
3339,3553
3796,6266
623,60
4227,1650
1377,6042
6564,5593
7734,4139
7003,380
7086,4713
1254,6104
3672,4434
3725,4649
2261,2817
2680,2384
116,2664
2138,928
573,6380
203,325
6345,93
52,4113
7886,2769
675,6820
7673,3996
6079,1592
5428,6701
5205,391
5255,328
7056,7065
4314,6811
5960,5869
7193,2560
497,4675
3696,4430
948,2052
7989,7964
6618,2063
2342,2644
3493,7841
6919,7983
7033,5792
1966,6418
311,900
6106,7045
2539,2659
573,6476
3483,3095
6042,6628
5056,3470
649,2331
2705,429
4312,4236
5242,5922
2508,4342
876,2821
6341,6713
974,7081
447,7660
2449,1221
7988,6365
5601,6522
415,2598
2551,6145
6556,7720
6027,2291
3052,3751
7975,5811
6356,4162
1687,3963
7204,6349
3068,5506
5653,5709
5120,6535
7692,5135
7780,4349
4347,3365
4470,6099
5479,6654
5982,3295
196,7777
2518,614
3580,2502
1978,522
2190,4753
6901,7313
2707,3756
2331,846
4060,7231
4437,5550
7928,2575
6839,1377
3922,3248
1646,4770
7734,7848
7381,7653
116,3938
3686,2717
3997,3532
4429,5031
2155,2189
5848,3414
3389,3046
1995,4059
1215,2660
1297,17
3624,4351
525,4451
5661,7443
5069,5659
371,5752
480,5127
529,6720
702,1097
4020,2316
5222,5564
5965,7755
5893,1087
3461,1872
3794,415
5600,5391
3447,2533
2431,5109
4201,1016
1472,4065
7064,7345
3520,3778
5570,2234
2752,78
4770,6881
4965,5788
4039,1663
7961,3294
7871,6655
3088,2687
4722,7181
1125,5589
3402,7069
994,4675
5008,5973
6494,6702
402,2264
2305,730
128,5936
483,6368
4183,4631
1875,6734
5877,5282
7284,2011
2122,4363
5121,1605
1007,1689
304,6857
2513,1582
3317,3582
3270,5229
5917,5455
2240,1606
5275,723
2527,2271
3552,7307
7072,4960
5603,311
2739,667
6784,3733
5099,6679
444,3127
5839,2744
6247,3008
3853,5068
4250,2555
7822,820
4384,7703
1893,3949
4209,7171
6880,3002
3930,290
1793,3440
7608,6379
2759,7645
6498,6816
7397,7254
4647,6441
5972,2972
3117,6157
7556,7146
6008,7564
2029,4254
7819,4891
837,2049
3369,7612
1930,6709
4340,6138
7358,6010
2359,6782
1267,1821
1983,4625
6716,2941
7651,879
2563,6523
7269,1156
5561,7037
4017,6022
6184,6943
5250,5166
7012,6904
356,1556
6816,6724
6676,1958
6556,2931
7747,5508
6460,4301
7801,187
3316,1280
215,7773
2528,2760
3701,5818
2096,4473
2410,1597
3073,2156
3177,5796
2886,5828
72,5981
293,5276
989,6842
7710,4751
5569,6609
2662,5731
7862,1779
6738,3410
1957,2183
4015,6007
5631,770
5934,3538
3078,4292
6396,6647
3940,850
176,1113
3449,2092
2974,239
6066,6923
5128,4353
7316,1721
1716,6929
5273,3852
6553,3624
1329,5952
1331,828
5289,2288
2486,4667
6121,7729
1055,6518
1559,7244
1381,3181
5402,7381
3471,4211
2937,7020
3359,5374
1569,3920
6444,7821
7045,667
3917,5046
3936,6878
6705,523
7830,281
7564,1704
4344,3223
7468,156
4647,2404
5034,882
976,3756
4859,2075
5717,6834
7206,4345
5516,7529
6224,5450
4896,6323
2675,4783
1493,499
1965,3992
3626,2897
4981,7823
5847,4361
4584,3293
6198,3248
5889,2780
3518,2757
3752,7131
3625,2544
5665,3559
1016,3930
6885,7228
3725,7016
7502,3080
2677,2709
7403,3928
4169,3818
5107,4258
3369,6493
1751,7854
5865,2180
5296,2401
5768,6004
6040,3239
4699,3898
4436,3068
2441,6709
2479,5848
5487,7118
1954,7477
4964,3926
7150,6078
342,5242
3148,853
787,6245
1148,3969
4644,4403
2619,7987
852,3085
784,5171
782,7653
3780,1644
5412,6352
305,5200
2860,7483
6259,4969
3525,1611
1852,3966
3831,7061
2500,7070
3896,3830
3677,2379
6155,5201
612,6342
1476,7395
4883,1460
6694,964
6708,874
4717,7101
4528,5018
2535,2496
4550,2585
892,5768
5975,204
3727,5390
1117,6447
2109,5157
2236,4353
5635,5235
1265,5072
5628,6220
2599,2972
6087,6316
6632,2923
5959,1937
7984,5224
3716,2547
414,6905
4142,4897
1348,7964
6274,1529
3549,7292
6790,7428
5982,3990
4462,5100
6053,6658
7649,5018
4686,2337
6293,2864
2533,7074
854,7968
7285,4656
1894,7719
959,7292
6143,5290
4870,226
7924,1323
4103,7418
4981,4776
1031,3454
7217,3664
3844,595
2518,4771
2253,6518
7284,3557
2286,4292
4607,6526
3523,550
2419,6769
6957,7831
3026,6071
3043,2835
5769,7671
5088,7453
3761,6693
1914,6125
753,2612
3923,2293
4096,3641
1768,4815
6088,670
5511,3269
1766,1087
6749,3580
2510,5796
1965,7677
3020,987
7133,7201
933,4722
1835,1497
5404,6478
3004,4440
1552,7595
5013,157
4930,2417
6435,2720
3317,5935
4340,3672
2030,246
1224,487
6491,4565
3650,5539
2448,1132
5049,6594
5804,5807
2092,6113
1178,7673
2578,1649
2164,6986
1422,1215
1793,1311
5889,862
799,2861
890,50
3132,2873
2440,3548
4990,4631
561,4797
3907,2173
1019,297
6466,6594
6311,4906
7120,3449
3901,6510
7807,548
835,3598
4897,2199
6983,2491
1322,7403
412,7879
5555,5147
7393,5517
7707,6526
2748,7103
3144,1569
4454,4426
4619,1152
1248,3432
3618,5153
1668,2946
1111,2766
7926,895
2949,5037
6521,4653
3130,7997
1502,6859
5496,1647
5207,6000
2390,991
1129,3804
2820,3245
4032,2138
5996,5820
3996,6158
5683,7943
41,3808
2078,4315
6573,1221
2834,3125
1563,5671
883,4664
2820,5169
2606,6923
1837,1656
1619,3725
4347,4553
26,6838
3659,4491
3783,5643
7902,593
5735,2493
3698,4927
5370,2911
7532,6165
4907,3266
2032,541
6074,5231
4499,1453
4218,1345
1832,4058
4022,5020
6839,4793
6575,1806
2956,7891
5377,5312
107,5924
3428,6168
5537,528
6925,175
1525,4579
3252,874
3006,5699
1201,7095
782,7285
2816,614
1932,5384
1891,7265
6880,7137
4455,7178
3271,1700
1790,7023
3910,6013
4811,4844
1146,2952
253,5406
4046,931
1682,575
4487,2061
4349,5987
1465,1595
931,142
7261,6839
766,4848
6650,2805
3108,2750
2559,2676
7906,7085
7923,5709
770,781
67,2460
1005,1729
2746,3464
3753,6935
272,5424
578,2632
1625,179
1287,973
4062,1244
3884,4059
5577,1065
5069,1918
5561,2166
5522,5198
5942,7179
5037,3983
5566,6719
4864,5611
1470,7495
3228,6084
6300,7967
4773,7353
5681,1043
4369,5751
84,3178
4943,3513
1233,3440
7876,2909
5561,6943
2992,1188
4307,7081
1711,7942
624,3109
6428,5232
413,6163
2448,539
7153,2765
2952,7626
2565,589
6885,7520
1155,597
7628,795
791,2751
237,5169
4483,7393
2017,4549
2575,1628
3885,2886
7965,1410
5156,2341
7515,801
1960,1969
3921,5168
6225,3344
7706,4117
4710,3868
5295,465
3207,6103
6751,6089
1646,5325
4699,6642
330,5
493,3927
5899,5283
6409,5770
7036,605
2556,7333
7241,7512
7873,827
2018,798
3634,7521
3320,2494
4892,5394
6181,4353
43,6275
4712,1604
1412,3844
4813,7415
3826,1424
6571,6384
567,4593
7303,5101
2500,7826
5143,6756
2309,6243
5600,6601
3411,6819
2816,3292
2893,653
2952,3563
705,2081
6721,299
2627,5133
6288,5359
4128,7864
7604,2435
5101,3820
2411,4648
3768,2077
4020,3435
1504,5850
880,6564
3393,1359
3618,6792
2823,7348
2069,1836
868,3158
4253,1623
7580,6720
1077,7170
5245,1606
6600,1326
6189,6957
5643,4578
1755,1402
3591,4608
3736,2198
1140,6403
1150,4506
513,7256
4814,6461
1265,3541
2136,5975
7263,7258
5459,2833
6370,2883
2828,5612
7371,4935
4987,5674
2443,4464
3058,4701
4466,6327
6447,6794
1298,1275
4624,2232
1730,222
6054,7643
2174,6460
3170,1048
7404,2953
4587,3701
5881,1990
5394,4383
3106,352
5469,86
6223,6757
1280,2489
4825,2083
7850,5801
1965,5023
4666,4253
6600,6959
5714,3202
5858,5429
7300,588
6631,4920
490,6942
2720,1760
402,2578
5169,1166
597,549
2811,1558
4617,3202
7009,2330
3724,1705
2920,260
4225,5180
3064,7839
7831,5222
703,2579
5060,7209
4405,2107
4178,7490
4922,1060
464,7162
5467,5285
7721,908
7155,5590
4433,1710
302,4654
4891,6526
2281,1213
3623,7050
245,3074
1721,1276
315,7146
1446,7520
7289,742
4968,2324
6762,807
3984,2763
4100,7033
410,4541
667,2489
7964,7855
4579,7860
5529,1946
594,3294
1778,7163
36,7916
1404,1974
7544,3278
1389,3496
3736,7692
4463,6088
6742,7100
6871,6328
1873,6622
7279,814
4695,2580
7663,1209
6501,3649
1931,4403
6281,3900
4454,7874
1640,2865
100,2762
3676,7188
3613,3891
565,451
3181,2706
6881,2744
5032,2166
7142,6247
3371,2321
2059,2682
5133,2690
6679,423
2101,3323
7537,4522
6213,1940
5478,3748
5492,2603
1417,528
698,6261
6389,990
3172,5158
2094,2158
1351,4281
2470,2858
1937,412
1179,1280
6075,5308
3869,5883
7322,2088
6638,3389
2005,2532
7106,6811
6769,1741
7269,2645
4232,99
380,1072
6809,2680
2531,562
4280,7220
2678,2362
6310,4931
4971,3961
2043,4379
4253,1041
7744,7789
5411,4936
2905,4903
2847,3560
3615,228
3347,3063
4876,7857
5165,6606
1808,829
6691,7961
6080,5148
4345,5098
3822,2232
7520,2810
979,1941
7736,6780
6761,5950
6518,6879
5270,4497
2273,2849
6146,1060
1526,4363
3401,147
940,7693
7948,3432
6802,6454
7266,613
2004,1935
44,6000
2332,1237
6215,1307
6997,5138
6234,5456
6026,3287
6862,1302
7213,1432
6685,6786
5044,7652
5700,3772
2654,5119
7314,237
4628,1182
4003,2946
5546,6206
486,5408
5316,7713
6233,1380
2837,6182
3798,2197
3907,4548
1799,873
3367,4578
3190,6128
3824,7254
4415,6049
3239,5497
1766,6912
4941,5412
7109,6248
5152,1097
7326,186
7932,5167
3151,7330
1695,7499
1251,5763
3589,5688
2949,1023
114,1620
6863,5156
3854,6454
2304,5494
6250,4495
7116,2389
6369,7260
3662,3467
601,645
3481,5044
3881,2005
1132,3850
404,7639
7491,5196
1204,2889
5962,459
562,6272
1069,209
2290,6232
7754,2094
6219,469
7112,96
1203,7387
1857,2654
2106,5126
7003,5697
7853,6311
5044,1616
411,2972
6075,4966
820,5643
1948,2754
141,3066
3731,1387
5311,4814
5794,7230
4528,1375
1309,3350
1641,2548
1763,3670
4006,6048
5863,2837
4525,7672
3052,1831
406,47
3791,4484
4201,3921
2238,3544
2148,7256
6087,1447
7707,6574
3851,2138
3450,1600
1105,2281
743,1659
3446,4711
5506,2599
7554,2661
4558,5724
279,580
6889,1956
6083,4891
5495,4527
5556,7296
2077,7661
6219,887
3561,6092
5705,5301
1615,910
5414,5519
7951,3013
2880,5636
3570,2286
240,7907
6002,7016
3577,795
569,2063
2906,5149
322,2106
2947,495
1244,1805
4708,1872
205,4859
1248,1924
1875,7067
6048,2811
1094,6822
1925,6178
3097,2443
4725,2181
6847,3183
3607,7903
4330,4932
7321,5888
5678,1093
1326,1433
6020,6347
598,2343
2795,4687
2325,6330
7401,7869
2501,993
1648,6449
6087,6836
1371,2512
3861,1598
4375,4742
371,6981
95,3671
6276,6070
479,4324
3961,6322
3898,637
5476,7663
3687,7389
491,908
6902,3910
5015,310
2481,7674
2124,1008
1437,2259
4883,4418
7776,5952
4179,640
7612,7772
4831,6005
7737,6828
6889,237
1634,4021
3987,924
7141,3640
4390,3758
7838,1355
4124,3372
6509,7702
7895,263
6339,6054
1077,837
4988,3889
2427,6661
7206,7015
3758,1776
673,4977
6720,1086
2334,2632
4455,7970
7881,6709
5514,1108
2627,5089
1173,825
776,3736
173,3696
7344,6494
829,7931
4433,942
1197,5064
3841,6091
5044,5532
2105,4229
7556,7003
6741,4171
5476,4726
3576,1831
6876,5617
2508,3034
7561,4943
5799,7764
2704,6173
5385,3280
2607,7705
6402,6922
7407,3389
3632,7198
6070,7915
2726,830
7417,54
3817,7568
4622,5002
468,98
6303,7802
1563,6987
4603,3940
5740,2911
4934,7363
1073,1294
977,1233
2738,2841
2820,599
856,6386
4984,338
6412,5744
1185,1731
2110,6892
744,5908
7042,5755
1815,7458
6868,2375
6574,5611
6908,6476
7571,7446
397,4077
6885,7321
3591,3952
4721,4490
6684,1181
4157,3526
6416,6894
3074,7224
6073,4595
2296,6087
486,1669
4809,94
7516,7588
39,1689
2748,3824
1401,6985
2176,3904
3696,1252
5988,5859
7289,6540
545,6321
7435,7546
6484,4108
1951,4295
5630,2296
1472,4503
7780,2901
4024,3362
3287,3765
7530,1312
6542,5790
830,6097
1903,2077
5494,294
1004,2949
800,143
970,7811
164,5986
4029,2143
2429,3300
7984,6801
4484,5112
993,2685
7080,2849
1256,3917
4922,7542
855,6122
1253,3297
4861,5591
1019,3411
2181,2026
4010,2056
7420,5223
7373,5042
6000,2170
1631,2629
6451,4113
6730,2078
4735,404
6685,3985
5107,4162
1629,2765
5052,6889
690,7406
5647,7426
5634,5023
6994,3430
6235,874
4186,305
4618,1566
6671,2162
2313,1756
236,7627
7252,6526
1699,7724
4764,4131
2270,5926
7317,5851
3999,174
7722,4908
136,7921
337,2623
2039,5710
7800,4842
7625,3253
7198,2971
6848,6810
255,7837
2047,2325
103,1482
946,1433
5608,2446
6218,6031
2855,659
5926,2446
6032,2126
5965,4473
5034,5734
4696,2614
7236,7036
7469,4934
4175,5147
4645,4806
2118,1918
5135,7489
3591,6008
398,4336
5,6852
6493,1167
4375,2665
51,2844
7144,969
3586,4207
4753,4487
5913,6449
6852,1299
5225,2426
3103,2836
2724,1419
5216,4208
7233,3428
3128,4923
6428,5188
4280,1849
6587,2235
2728,7634
300,6509
823,2321
3594,1317
5644,3544
3230,4115
4347,5668
545,5796
2387,5305
7583,3964
7060,7914
4024,19
7613,5127
7425,2217
68,6499
2247,3559
543,7232
1971,4180
3775,4762
2633,4208
4253,1165
6219,688
7853,547
2682,3607
6830,702
1660,5166
99,5790
1049,2656
4828,3536
5855,52
3949,6644
3302,7847
5376,1641
3438,6117
5447,3991
5220,7076
6729,3032
3460,5086
7966,3203
7320,5673
1270,5143
1950,3636
2707,2881
6087,6624
4247,3594
7964,6456
2167,609
3195,5071
1039,3456
5504,3253
7632,6652
7551,6805
4820,7342
4525,686
7314,1594
5790,6060
6701,5177
5096,1186
1255,4231
4199,167
3571,2346
6554,714
3559,5725
3691,4402
2576,5049
6604,4887
1888,3903
4413,6551
3330,5828
3370,1334
7950,7097
6256,6517
2840,150
7104,1037
1827,4195
2780,3144
1139,5859
1983,6525
4864,1501
5402,1830
3398,520
4152,4319
3833,2450
4546,7230
3542,3341
1567,1481
1685,3766
2803,4504
6715,3492
585,6728
1868,7178
1867,3929
541,6249
6958,549
7302,7509
4779,2942
3126,2529
4071,98
3938,7337
52,7325
6230,5245
5296,7932
3308,357
1675,7657
5913,5078
2279,3688
36,7983
216,237
4403,368
4362,3351
7422,4152
2818,6925
7012,4408
6589,7540
5212,2426
948,3210
5444,4552
4993,3618
6741,4410
6363,252
696,7904
5629,4224
945,4999
2982,5847
6714,5612
3833,5862
6379,7675
5636,7144
532,1986
7517,1639
4909,2039
7081,5655
1893,4514
182,271
5270,7464
3720,5285
5466,7158
7409,6692
1527,4998
4121,1965
2933,5393
4062,7783
3025,6289
6164,4580
2506,2226
1325,3666
3480,1364
116,2266
3580,2367
5428,1240
5875,2788
1397,4792
4164,1356
7974,2793
1913,4064
3094,7169
6506,6676
6556,2797
5428,7600
7959,5139
4553,5564
2512,1734
1313,135
4412,2341
2959,4180
7581,3088
5870,4962
4423,5896
6906,5399
1344,6819
187,7304
3585,6248
3867,6823
4313,5837
7961,1738
3185,2890
854,5076
5482,1881
4365,7298
4450,845
6880,148
3926,396
717,7957
6753,3691
3711,5705
7971,1956
5185,819
3581,6326
7629,1920
1464,1754
1411,2387
6597,3165
5301,6510
2143,3358
6047,6969
7501,2086
6004,5107
1731,5343
5779,1906
4904,4659
7960,5144
4147,2434
1743,7508
1710,4927
1540,4754
1373,744
1014,448
5816,1824
6122,6206
3283,2666
5659,1378
2719,4740
7118,7973
4809,3550
3844,6253
1856,6709
2697,7095
6932,2961
6122,5600
4346,279
4804,4753
2412,2124
7158,69
301,2855
7672,1657
7210,2384
2245,4143
188,2363
3508,158
4554,4828
5413,3577
5260,2566
6422,5786
426,6820
1877,6795
6018,850
3472,2161
2185,2265
2120,6614
6857,7429
868,7825
2760,165
1122,5844
7113,287
1640,3730
5164,6765
4281,523
7344,824
1155,821
7321,911
2837,5001
4140,6532
5549,5351
6488,6179
3247,3110
431,2832
1266,700
3089,4284
6645,4870
2281,3075
495,6326
6033,7462
7300,7510
529,1440
211,4797
2629,6631
1132,2573
3036,4352
6687,2021
4604,6911
7344,5930
5315,2010
4710,3309
2665,3113
2,4665
3585,7421
2509,7100
1630,2394
2379,848
851,3218
5899,6884
2450,1919
672,2443
7797,4892
2666,5409
3099,5632
4557,7894
3883,3001
2052,1560
7156,6337
6670,2849
5685,2656
3974,474
440,2781
1360,7978
2521,1506
5999,4320
5028,4331
4148,1273
3228,7466
2577,4750
5592,6139
4300,7069
5961,4159
4495,6898
4054,5847
2524,2737
6376,3647
7645,2819
3138,1732
793,5595
1927,5540
4611,5860
7327,7872
1837,969
373,2368
5850,2272
1624,7107
7024,5236
6209,1729
4940,2541
1716,6272
7856,1438
7807,7663
1751,4459
5599,1059
7338,7253
194,2219
4043,5028
6248,2834
4750,2287
2594,7984
1863,7499
3965,4397
3902,1934
1080,5460
447,2431
2672,2703
1230,3996
4637,7621
1208,6726
1269,7884
1541,7373
942,6605
4234,3092
2529,6003
7003,97
5258,1807
2461,1859
556,7820
5433,3808
2833,3018
2796,6810
303,1241
5115,1054
102,595
5700,6345
230,5910
4016,4854
7662,6364
6981,6184
2479,6457
408,3537
591,4785
5407,4477
1353,5492
421,7902
1969,7991
406,2164
2005,2736
5242,3737
5376,7534
6207,614
3416,4242
2798,6854
1831,3182
1472,2389
1334,6072
4170,3380
6741,7210
3795,2860
5688,2170
582,123
6588,5745
5186,5440
6791,875
6095,5824
5068,4010
4396,1235
5742,3350
1476,2286
2748,7765
6847,2381
1371,7747
7156,3581
7553,782
5819,67
4189,3057
352,1197
4757,7563
1205,5683
4903,5467
4479,1608
6257,283
7056,451
971,5878
1781,3493
466,1574
1605,7686
1664,2222
2330,1441
6647,2545
5788,184
5085,3950
6904,485
7456,7129
3696,5951
6810,4310
2509,4453
6608,2516
1263,4778
5397,2820
3781,4573
2572,3445
6743,5427
7178,846
5760,1364
5978,3367
7738,5567
5786,2500
6546,2714
1474,7982
5434,538
4805,2608
7741,4811
720,2731
5069,5052
5359,5143
7480,1995
6991,1878
2681,1864
3742,3638
619,6409
6478,644
1816,4042
1081,4167
7920,4094
287,7328
4373,2934
1738,7548
3667,4461
3794,5427
7981,3118
3581,768
6354,5410
2174,925
1327,1850
5534,251
1630,7797
2936,4827
1852,4238
6494,1996
408,4166
7002,3521
7238,4041
1423,5390
4756,1151
6013,2239
4372,1074
1699,5589
7256,151
4606,94
636,2939
3504,6576
7453,3019
3772,3137
3816,1216
5550,5670
269,7525
6360,4135
6161,5126
2294,4411
7043,5815
4467,2213
1862,574
3140,2794
2957,3230
7219,4205
4902,2369
310,3305
109,385
4477,6027
2529,1875
2315,2154
1043,4432
7612,420
314,5025
3557,4822
6436,1479
4376,7159
4743,3269
6662,6801
694,426
6783,1502
5423,7166
5846,5435
6097,2633
1120,1419
6314,3963
5851,3499
1583,5307
2218,1165
5061,2447
7294,3379
4219,1700
1169,6282
27,7419
7884,3169
7126,3120
5257,5124
7836,168
562,6073
6797,3927
4104,2646
5193,620
2176,3645
2339,6233
904,5302
1525,4162
2599,2727
5453,2561
5250,3890
7237,4244
2426,5675
3889,3620
5875,245
5361,3890
2800,376
677,4512
1050,5568
320,4762
5088,2037
7158,927
1527,5555
5903,7600
130,6022
3037,5971
5518,2371
10,1732
692,7749
1675,4473
3554,6339
3185,7953
1331,1419
2078,7320
2169,6685
1428,57
7069,4582
41,5953
5598,728
5079,4492
5173,994
1968,6990
5337,5905
1902,1600
7774,835
2664,36
3449,4995
865,1527
7902,6918
1339,6963
4874,6785
1289,3390
1885,7781
7298,6642
3615,440
6928,5642
6051,7057
2312,7397
6664,3440
3061,3706
3484,6264
3021,25
1116,1097
2821,4634
3351,4350
320,2788
3121,6528
995,5915
1858,1733
196,3431
6814,5673
6208,3678
816,4327
4971,4941
5695,6516
7586,5864
2451,440
2685,267
6832,6953
7905,2348
3009,3270
6322,6432
1040,6382
2725,902
2354,2779
5107,5140
5504,126
5737,5756
1407,4855
3804,7994
4193,3184
571,1917
6565,7512
6397,6383
6105,2039
2937,2915
7680,7923
5524,5210
3662,2270
3348,7922
7183,5369
5459,2668
3688,906
4688,2008
7734,4373
6304,7903
3155,7482
770,45
7031,4075
6607,185
7866,7687
3088,3826
7671,3864
938,3528
1805,1446
3380,7123
4863,5814
361,1636
6395,7330
633,7591
1464,2838
3578,2737
5112,7460
956,2860
2413,1477
3513,540
4984,3501
3051,6157
5580,6409
2936,7067
5233,7960
777,7390
2149,1955
312,4144
7773,1051
3879,7068
7017,4301
3822,3556
7349,5956
6252,3503
3691,6971
7551,2253
1270,957
4942,5353
6242,4507
7235,7946
3167,713
3734,1157
421,22
773,771
3761,4295
4512,3563
4525,1935
5568,4779
4461,5676
3799,7400
853,2592
2787,7168
5401,7435
1341,5432
29,1378
7694,1351
1403,5454
2208,894
2402,3875
2002,3346
4123,379
1126,1672
3623,5103
6069,379
6661,4913
7106,973
16,2185
2539,5288
6980,2026
5883,2352
6369,688
3741,5255
1256,6649
1260,5052
7618,605
37,2065
4352,6795
4030,7719
4157,1921
6288,5576
5536,3687
6319,6481
3966,6729
6234,3066
924,944
2766,3971
3666,6683
1205,7741
5707,3423
763,4275
7592,5592
5825,4211
1284,3403
5675,1660
5010,346
5845,5
4259,5218
2594,2856
2884,2997
3444,1002
1285,6127
2616,3879
3924,7607
6360,6110
199,5844
2132,2135
2488,7913
5035,3693
7178,718
5555,572
3850,1101
2568,2983
4082,4662
7329,1990
839,6047
4222,1579
3041,4028
573,5583
7883,5079
204,2526
6272,6444
6329,5660
3030,3555
5542,7474
1143,490
88,1305
7945,3247
942,4002
2096,6583
6894,6175
809,3742
7547,6642
983,4779
3683,560
7323,5711
4181,1457
1628,6330
6320,1206
4326,1690
886,4471
3630,4018
2271,1673
3763,5715
6922,7913
577,4153
7182,5352
3600,2052
5487,3570
3017,7888
6956,4092
6952,7028
5429,5066
3836,4884
7163,474
268,2531
2591,7344
3092,633
4556,2687
1069,5709
4128,5105
3594,3215
2245,1043
3294,7909
7007,544
1755,6783
4638,6953
982,3737
3250,861
2375,4045
4766,4347
7724,6930
678,5457
1228,4053
5602,6383
5913,4850
629,6254
1903,1487
2263,5270
7289,2261
5709,2608
3826,6604
1083,6761
7881,786
7440,5536
4894,2296
415,3341
234,1338
6222,6029
5115,5592
4967,5518
7772,4757
5580,2771
5587,7435
6791,3684
1347,2089
1599,3414
6386,2123
5063,5426
4517,4532
5969,709
2152,7019
3008,580
1514,751
2459,6105
388,663
6493,974
5338,3915
6569,5589
5914,5017
6042,7089
6178,4853
57,7173
2430,7504
4168,7671
1423,6099
5819,4161
839,6648
5318,5972
1040,4293
2641,6824
7308,4134
4105,7397
7287,1511
1168,3879
2473,5963
4500,6130
3960,139
2365,2994
6715,4078
2624,5996
3561,2625
3281,5191
7775,4020
4533,561
3328,5265
4085,2992
2934,3801
302,2757
1111,7485
6726,1406
3172,7926
2809,3417
6059,449
6993,7312
7884,5371
5684,6022
1752,4692
4823,2188
1877,3891
4945,5840
2590,6183
970,6818
2663,7300
594,3812
7391,5794
2830,2574
6574,1710
2701,7772
6558,1771
760,4820
6742,5897
4968,2615
1600,5408
2834,2436
6668,6217
3869,4771
3662,985
5332,501
2691,4667
1207,3125
497,4009
2604,2699
4396,1415
6547,2605
5684,7644
3831,3378
3196,4397
2720,5813
2950,6264
2053,1890
5865,202
6046,2592
564,5885
6808,2267
6893,2578
4514,813
4722,2471
1381,5736
1985,1429
4304,1474
595,1128
4945,478
3939,6844
3487,947
7564,2288
1460,3675
208,7050
4824,6266
7669,5031
921,73
7817,3165
87,6206
967,2607
5499,474
722,2924
6728,2254
5342,6500
7178,1803
2798,7752
1898,7845
1207,7389
7331,4771
6180,4189
6159,1253
4147,810
7771,5362
1148,1583
3930,3294
2258,1045
4596,4884
7938,2143
575,4357
6777,6499
1702,6765
7234,2342
1157,4479
5484,402
3159,493
4105,7958
5639,6102
6099,1434
5858,4363
1578,2974
2286,4671
4537,2414
3796,5643
2870,900
3832,3164
1415,6010
5609,1658
2690,7466
4212,6517
2189,7332
3795,1390
4837,2955
2563,1407
4538,5644
179,6024
4022,764
5272,3735
3806,7118
7966,7347
2129,4269
6584,2437
942,2236
5144,7780
5907,6440
3771,6012
5312,3942
4699,2521
7577,2190
5512,7318
3402,4691
1233,4316
3909,7774
3676,217
3367,263
3413,4416
6392,7792
259,1014
3729,125
5238,6368
3032,179
3933,2950
3303,6892
6708,3044
7243,4725
4506,7629
7912,6020
768,3068
7034,3609
6398,1721
1654,1455
7296,229
719,6815
2397,1826
2644,3474
6920,5665
4342,6945
4895,7113
4648,5579
2721,7105
4255,5650
2173,2074
2361,242
6085,5148
7546,6143
4353,6956
7217,3738
224,598
2553,6991
4618,6141
987,6926
5969,6684
7761,5445
4805,3256
3941,6870
4262,5412
1272,2490
4340,4144
3999,2738
4963,4656
6568,6117
7851,7204
890,4571
5179,6345
2778,3732
3405,7547
1674,3526
2389,7813
4044,3250
339,1671
6788,5730
7624,5634
3067,5121
5636,3460
960,7382
5022,1003
3881,6303
3710,3607
2871,6086
6676,5872
3159,706
6571,1040
4293,4941
4184,5519
5707,4349
1484,3242
2984,3906
7625,2767
2763,5051
626,6024
5566,3957
1594,4929
3424,5889
1982,7032
1931,4080
6831,128
6356,941
5928,1969
3056,2296
1950,7087
1971,3643
7285,1173
1332,6154
3439,1983
141,6460
895,1969
5439,4384
6268,4648
4914,5790
6769,826
473,5100
6737,2860
4212,1321
1544,7376
175,5081
6828,5209
5096,4350
6610,1213
4750,2767
6973,1797
1957,4952
2034,3188
229,6893
6759,5458
1282,2124
7450,5204
903,4750
5437,5737
5212,1802
1486,5795
6694,4679
7749,256
2381,3419
6823,1493
6297,6692
2488,662
7157,2530
3149,3972
4502,3824
7103,5363
1525,2845
1084,3575
5368,7851
5047,6635
4911,2852
448,7901
5113,5139
7918,1113
3079,6310
1016,1681
4088,4254
1251,1638
3172,5936
1685,6613
2357,3836
1417,641
4783,1127
4508,3224
4112,3223
2052,5029
2001,3018
5280,562
2061,6099
7529,4632
633,1907
2312,4581
7249,7632
2242,2728
6612,3924
4430,7067
1381,933
1736,1517
1363,1084
6781,1452
7666,100
5926,1612
2536,1426
3506,342
388,3547
6908,2352
6408,5270
4380,453
1799,718
1433,4113
2473,7652
6524,1802
3404,6720
6016,7214
3461,7537
2981,4774
2244,7401
6883,7252
2837,6286
5116,4158
1091,4606
107,4438
151,7458
5496,485
7358,6381
2989,1172
1160,1074
1251,5783
3277,1696
5621,6518
7530,475
5398,761
617,4855
5759,5232
4223,4563
5568,4444
4654,400
3512,4990
5259,6253
5152,2873
4250,5441
2113,3110
3413,2451
1478,4341
7052,5913
4268,5242
1062,3660
3733,3292
901,292
3964,7189
5704,7669
5124,1254
6569,5414
4457,3867
3463,7945
2583,2870
1535,2012
281,5947
6003,7388
3050,6999
7596,1728
3752,4270
7004,4889
3750,7616
5884,900
6880,6327
20,2888
7049,6735
7449,1043
4353,482
4912,3916
4195,5327
3921,3028
6586,6534
2631,7455
659,1075
7251,2024
7597,7557
3184,2518
4813,3418
3442,3817
2606,6921
3080,3424
6614,2891
5088,3883
7364,6918
4393,6984
5830,4856
5364,6589
5479,5885
6644,6704
2372,2876
4516,5606
6911,5300
199,3734
589,415
4555,234
2027,5568
135,4177
4014,3150
6884,3267
311,5501
1751,2771
69,3301
5196,4970
4260,2449
2014,229
2051,6439
2243,5453
5795,6703
5829,5359
44,7809
5227,6232
4954,5903
886,4847
4564,7436
5255,239
3869,7801
2462,7551
4259,4362
5885,4463
1205,3897
4267,145
7250,4454
2452,5106
5084,745
2509,5556
7596,886
6838,73
3455,6828
633,7246
3405,5754
5550,2369
890,2798
289,417
7206,4828
491,97
2975,2727
5884,328
886,1327
4539,7080
5295,5015
2628,7480
4753,753
400,7761
5854,4553
4339,6273
5597,6347
6590,15
6611,5073
5252,4621
4368,5773
1530,6611
6181,2960
1208,6685
1331,7348
3036,6467
7774,6892
3341,7377
3617,3686
1949,7874
1211,6042
6984,2526
5192,1650
6169,173
3498,150
172,5591
4774,2963
7054,2073
2827,7847
1920,4198
5452,427
6299,4696
239,3741
397,17
2782,7754
5249,4787
3291,3092
6365,3511
2641,6949
5797,7662
6341,2929
7101,6482
555,161
6731,7752
5205,6305
507,5941
5255,4935
6876,2106
3109,6750
2536,2829
5133,1615
4576,1397
2433,3691
3350,7074
829,6936
1668,614
5992,3861
6682,1812
3621,7403
85,4980
7368,6130
4171,7839
1702,5629
7491,1405
2693,5539
2304,537
7090,6379
5407,7070
4786,723
6230,1905
144,4029
1244,3754
6037,1271
4584,6384
4822,421
145,4271
6055,4173
2260,4217
1901,3519
244,4406
6226,4063
7932,5321
913,6096
6944,3202
7089,5247
66,377
4878,6025
7824,5645
18,5770
2378,2425
259,3139
1249,976
6903,4711
1211,6485
4770,7874
5907,7289
3536,7175
894,7601
1646,2612
4552,115
3650,3236
5885,1294
6203,1137
6595,5476
6754,707
3620,6725
6320,2618
1322,3752
4346,2420
995,7112
7944,7227
7364,2201
6787,5646
554,1637
7116,7754
2620,2056
5097,2421
5931,132
3290,7784
1051,3586
6794,6230
1308,4902
3745,252
3729,6413
7862,1191
625,6246
4578,2397
684,7978
7088,2089
7077,7993
688,7879
3678,6802
2154,7655
1010,6255
3952,7649
635,6715
1101,4214
6547,1585
5465,4351
2168,7186
6958,1205
3145,7746
4917,7580
685,1792
7065,3340
6355,2689
5662,6237
2771,2087
2954,7790
6579,1635
4609,2322
519,5796
1327,1753
3888,1466
2781,3446
5508,3916
7335,6546
2638,7154
2117,1452
492,4144
7237,1387
6039,7696
5017,6978
6912,3931
3020,6846
3541,4531
4112,1903
610,2960
5620,6192
1045,981
5425,981
1434,6222
2019,5425
3301,4489
597,7041
525,5262
4469,2169
7573,1532
2919,7208
2375,7425
7029,3274
7290,1269
7267,4010
5874,3668
608,3698
934,4630
5721,1553
7900,4781
6504,5895
6769,6042
3114,1616
5941,1901
239,1514
7346,7895
266,7877
14,7085
6407,4807
4294,4859
3964,185
2586,4163
4088,2065
3976,5329
4761,3356
944,3196
1210,520
214,59
2953,3467
6342,4257
4150,2356
5714,2998
5191,4236
1591,5172
6600,3880
6238,3483
7072,3150
3774,6769
2367,7042
2718,1882
3252,300
4408,7119
7707,3239
7993,1406
7667,3048
4646,2814
3022,6025
3032,5294
3361,6769
7080,1001
2875,4514
3557,7463
7123,6879
6018,5683
6778,7864
6605,5764
3567,4915
7322,4667
6865,2137
5118,1784
1583,7834
7735,1881
4412,3422
4969,7889
7582,2537
387,928
4389,4009
5376,2804
5977,1055
842,4956
7788,6760
3769,7397
4814,2343
4728,787
6751,401
1224,2110
3968,725
6046,134
5698,486
6824,3124
5440,2150
750,4846
905,2096
4243,1111
821,6338
5818,4865
7577,4486
2501,2895
1109,3707
2040,2220
458,3653
6012,4770
6313,6157
7296,3608
7143,3670
1722,3371
12,2462
7499,2535
5419,1964
6209,6882
1388,7549
3318,7285
1029,5957
2453,7960
1223,6564
4733,1113
3092,7590
2941,2425
3759,4471
5951,5219
7212,4770
4162,6345
4614,3588
2496,2525
1679,2385
5358,7081
4674,6018
866,4044
372,2266
6926,7890
7785,852
618,3822
579,2475
3696,87
1046,4805
4737,2044
4695,5757
7205,2404
4850,2827
880,6118
5370,3603
7552,2434
5819,1031
7842,5467
3883,1017
2068,7442
5503,7808
997,832
6683,1222
6201,3855
2593,6253
937,54
7915,4380
5255,4239
4819,682
6654,5078
1135,6437
4632,2048
5786,1598
7194,4469
6701,3413
330,6700
3533,733
1553,7394
4190,684
7995,119
4182,7778
6618,4261
4140,6707
5770,7965
6510,2578
6480,6016
1970,2555
6428,6711
7908,5341
4334,4143
3711,3427
5077,3252
5335,7070
17,7401
5970,7249
90,2466
5815,856
3066,1502
3038,6325
6101,4260
7111,7416
6537,2808
1159,2443
1456,570
3229,1111
3970,2076
2659,5591
7448,4030
4320,695
6987,5160
7482,4456
7611,6115
4297,7363
7596,3444
1030,1303
7370,5238
5858,6289
3469,2643
115,647
6711,5023
4361,3297
3194,6865
5919,292
5432,1694
3821,6812
4450,6516
4571,5158
6913,2064
1935,6999
7059,5884
5799,3212
2893,7976
5635,5776
4288,2212
2873,7075
1686,7800
4140,4589
6267,6177
7671,5695
728,1384
6722,1409
762,5279
951,7934
5713,6523
4495,3721
6677,1097
5126,6986
707,2127
4333,7656
3653,2240
2846,1813
5488,6618
3145,1841
5415,1248
5485,5980
1693,6127
7651,5915
5559,6784
3092,3237
3471,4409
6795,779
6485,4464
3045,3651
6864,4989
5093,6736
2818,3578
1060,1039
3114,153
4965,7199
4515,3171
1927,7854
554,2505
7891,4637
1725,4968
7734,719
7838,1310
6152,4179
6647,7811
330,3307
3543,1159
3823,7417
7706,2214
4881,7173
2471,1098
3140,3053
7251,1725
200,6570
6116,264
3096,4474
3632,6125
6687,5232
419,1982
7114,2964
1566,2201
5240,6520
5693,7041
5839,4056
2545,4441
4456,5420
6092,7487
7978,3534
6044,706
628,323
7790,5954
1012,3176
4084,6179
853,1083
5185,4717
7445,642
7088,2243
244,7707
1317,3582
1672,6178
5227,7526
3182,3832
6653,460
219,5366
4512,2631
4368,3566
4653,6153
5996,5274
6957,3677
347,6244
668,255
3180,6609
3088,472
5121,843
7347,1876
927,2633
6444,6306
6117,4829
5533,7943
6810,3866
1413,3807
6303,479
7941,4722
5443,4805
3711,2671
4789,2465
7642,6920
5972,950
98,4521
5923,6906
7629,6742
728,1347
3736,5984
7955,3534
7184,4995
3180,2156
3053,3615
3877,5578
7513,593
7231,1115
654,1902
5224,868
5980,3931
5521,7587
2378,2124
670,3293
7316,2007
7031,579
7315,1332
2236,1920
1595,7956
4437,4962
4478,6618
167,2722
4813,634
1186,3346
3966,6573
4791,4514
7369,5198
2407,2574
2668,7636
7607,7336
1391,4589
768,7549
5506,5619
930,3175
7746,7501
7192,5487
1242,4069
4775,1500
4038,4353
2289,1756
3827,6080
6566,7502
5186,3507
7066,4266
5740,2838
2545,1422
3456,2858
1910,3749
2311,4528
6219,2358
3272,4676
7483,3463
4199,7059
4971,1643
6504,5434
5424,4783
1361,3388
7674,5277
4590,5664
2349,4395
7982,677
5008,6468
4779,6755
3422,6320
1543,7104
762,7394
6769,1355
7552,1822
5575,1656
5111,2373
1686,6648
5154,7422
1980,5301
6453,5827
6255,2983
3749,7621
7318,7766
3224,4157
5269,1708
3260,593
7078,1206
3444,6110
1954,2039
3436,168
5472,2985
6541,7515
884,5009
2700,4157
6489,3325
4957,1843
4649,7069
390,4333
3976,2748
2510,1774
5857,2073
2132,5755
7432,3302
3963,5152
7167,2908
5059,5593
1428,6457
2739,4388
3432,6296
3698,5217
5642,3307
502,7074
2689,2838
3092,1685
296,491
6261,6155
4468,3902
6953,6500
7058,3109
3861,3289
6379,6670
1480,1702
1929,5373
1388,338
3411,4768
6936,2908
6580,1424
3138,2820
6682,4710
4498,1779
2459,7672
3281,6472
818,7471
5248,4031
1254,1158
4486,3904
4491,7969
1601,1090
34,840
4285,4570
5979,6014
450,804
3196,3074
3591,3788
7065,2273
7685,7482
2883,5366
5607,2712
1726,6080
3357,5889
2857,6046
4816,327
834,4585
1776,5217
130,5358
6185,7279
4196,4870
3187,6188
3076,3412
2056,2799
3554,5595
7665,4574
6085,1146
2298,1711
7612,3781
5700,5468
896,7424
2937,4003
1077,6842
4890,6199
463,6724
3124,2310
2642,5645
2865,1704
3441,4187
6282,7329
664,1064
4890,3411
6149,1239
1742,5699
1873,3857
7865,6725
6669,5376
5828,4935
519,5160
7170,1528
6892,4189
5794,6419
7879,1189
5374,6732
4008,5418
5584,4309
1888,284
7299,205
5416,6561
3687,1094
3425,698
4735,689
3446,5427
2229,5289
5085,1222
686,472
7485,4814
7223,1226
2666,739
3806,6796
5195,4182
6366,7936
4125,330
1202,5952
3728,557
4362,4653
7311,2770
5275,5971
6173,1581
3345,6458
3227,1066
4064,7052
1062,7146
1272,1310
3229,2010
3031,5405
2688,3890
6520,7510
1587,4231
5161,7905
3362,7630
7226,2091
5183,7470
7057,3103
680,4864
2267,6833
2467,4710
7709,2695
907,3205
1192,7107
7940,4896
6699,2033
2025,3154
1571,1930
1608,104
5421,7523
7235,3737
1147,3829
1495,6242
6501,1097
2425,2626
5591,1600
5340,4303
5481,4412
4559,6260
4428,1135
2244,3528
6751,6782
5676,1483
161,7505
3453,2751
578,5434
5717,737
6098,4031
504,6979
1691,6534
1334,6855
3530,7132
1832,2938
5575,417
6424,5386
5351,2068
7552,6181
1591,5175
3435,5872
5177,7838
568,3681
4843,3354
382,2682
1922,5116
4169,1763
7478,5000
4289,1250
1847,6712
5227,1017
3517,553
329,6172
6589,7911
2525,717
5815,6928
2828,7510
6316,5031
3357,3234
3501,5239
480,4089
1679,2401
5675,2007
3643,581
64,6503
6882,5193
5642,4257
5645,7113
5382,3965
1362,7259
1023,3986
6370,4029
3314,912
4544,7070
2448,2070
3660,581
5281,625
5245,4322
6917,7154
46,5935
853,4203
4879,1347
4713,7110
5884,5171
371,7617
3690,357
3849,7241
4158,562
256,3058
696,183
7795,529
2252,5881
2211,3191
2065,2546
1721,2442
7890,2428
1190,3777
6275,5849
5739,3579
4430,3421
3445,4605
1610,2489
224,1863
1357,6308
3996,593
4312,4327
4973,999
3569,5190
3084,6174
6990,6854
5739,690
3629,1312
7574,766
7232,960
5109,7830
2886,3002
3054,7108
629,3978
2471,5918
1363,3142
6441,4800
4517,5282
6944,4396
2046,7903
3774,2874
6328,5906
1024,7613
2625,6029
1481,244
141,6316
938,6058
617,1534
7235,7467
3824,7821
898,4323
342,4044
7242,2644
993,3996
6320,3059
7992,7034
1759,7328
3220,6537
3611,2945
7699,4152
7330,762
7595,3344
751,6154
6139,5021
2264,6597
61,1462
3415,7146
2328,7018
3365,5344
7251,5128
5570,4114
7267,3787
978,1892
7333,2592
4513,3536
359,7382
1479,4834
160,4385
4263,6988
896,5323
6481,2726
5922,1016
6407,3142
4063,1620
7773,313
2108,5787
889,7835
3331,260
6202,4760
4591,4171
5942,6271
1280,7066
5339,5248
4911,4563
4855,2306
3260,1020
5010,35
1635,4232
6713,3085
2668,1342
3862,4273
162,2632
4730,6947
6171,4698
1085,7122
3702,7933
7997,4258
996,3895
5762,7336
7644,4697
4610,6017
1266,7141
4480,5840
5058,1305
7310,338
5062,5660
6068,799
2248,7300
6697,2111
6897,386
190,1190
6591,1707
6362,3534
3477,1123
4384,2351
2924,5096
2285,7262
2279,3577
6397,4159
261,4321
813,1320
3504,3939
3163,4564
5234,6659
1449,2689
7687,7215
929,7399
1165,4745
7282,7637
1816,6546
1625,6697
4962,4980
731,5931
6687,2475
3118,2182
5103,3602
6456,7589
1581,7942
4783,1894
5924,4089
2271,7230
5282,1365
3722,6249
5988,1802
1897,4107
1264,3062
5905,7784
5762,1008
4529,4093
5342,2801
7288,2169
4932,4448
2643,5915
3394,6201
7828,7209
1123,6425
3886,4298
5125,3304
7708,3777
7048,5347
3746,7558
1315,4357
5036,6339
7504,977
5202,6568
4456,5631
5757,5547
7049,6912
867,3039
2355,752
6318,1648
4978,7448
3515,185
2934,2140
3389,4738
5374,6407
3394,793
1139,689
5646,267
4305,267
4643,703
704,3079
5218,7152
2113,422
5899,197
7299,671
3361,3343
22,6569
2601,1566
2679,166
464,5888
4745,4844
5164,2136
3365,5680
4443,982
6344,3217
584,4248
3435,4798
5836,605
7728,7558
3120,1954
1272,5627
4113,3419
2193,3713
4188,6095
5645,4472
953,144
5550,2499
6405,2582
4029,7797
4087,6456
5945,88
6756,2886
5549,5401
5533,5829
2971,1043
5174,1288
6100,5174
2018,5159
1321,1620
1786,3935
3899,4040
6108,6150
7791,835
1456,5864
638,3316
3142,6147
7209,1171
7323,1756
905,4619
7227,1469
4740,6466
1408,3339
5404,2886
2040,7367
5473,3413
6245,1121
1543,6025
7773,5300
594,7198
4498,99
5230,2209
5100,5838
7835,376
2130,2992
7813,2632
1416,3096
7409,6918
1586,5761
212,222
2359,912
4414,6649
1409,4331
2611,2927
2720,3825
7450,3465
1102,2585
7183,7857
5965,682
5075,5496
4333,2644
3619,132
2666,6442
294,3029
5682,6077
2431,3250
3523,3094
7043,3444
4723,7119
4164,4014
2377,5262
2316,6967
3017,1247
5030,1815
5262,3949
7765,6538
847,3165
1640,5555
3907,2056
4069,1952
865,2002
7394,1910
65,7787
180,6265
4382,4514
7678,7866
5757,4705
7211,3550
7654,7817
7670,1926
3473,1259
6374,1312
4125,95
1176,3402
7929,2757
4660,3998
6245,1366
3202,2142
5459,2598
3093,4157
2023,4728
3621,7880
4958,1085
2555,559
4810,5419
7173,3380
3387,5687
7241,7919
7098,4782
6454,6075
4463,5685
7830,2689
7970,1691
4192,7263
6366,4248
555,1332
1010,3685
2684,6538
5521,2167
3008,6561
2329,3545
853,6164
1520,2021
6594,1323
1803,2590
5256,5052
6088,5037
5136,6334
1723,3383
2627,4075
4102,1687
2809,2897
2978,6205
6793,3702
4410,6050
3455,4390
2870,6375
1067,6171
5909,5641
5590,6919
6579,5507
464,4032
5738,1985
5989,6920
6293,1980
7214,4600
5744,374
1603,5193
4443,2708
526,4607
2493,5267
6138,2227
3397,7784
3339,2235
6924,1849
4424,1272
5079,6705
4115,1659
1976,3268
729,3924
4179,7551
1124,7353
4222,4170
2189,5968
834,5630
6671,6937
63,4445
5944,2363
235,7218
7608,233
5051,5702
2396,1009
5722,7612
852,5281
1622,1226
3696,3798
2458,3156
1450,4002
4886,6630
796,3865
1659,7246
2322,1849
3682,212
2362,4339
844,5784
5112,3226
6148,6534
4822,6183
6497,6007
3993,871
744,7783
238,6849
4558,6671
4035,2408
3162,1439
6899,1049
4265,7322
4377,4177
2187,6669
5830,4367
7755,1453
5325,3841
268,6156
4603,7438
5263,5560
5348,7039
1361,5168
1496,1675
6289,2052
1269,1149
5744,840
726,3140
624,4404
425,6487
3423,6747
4639,2178
7693,5062
892,1298
6904,7981
3342,1049
457,3217
6842,1567
1911,121
3121,7333
330,4423
2434,3031
4410,1077
4618,6285
5174,3761
5382,7358
4608,2195
457,5570
3573,7543
2377,5249
6250,4412
6419,957
6835,3096
4703,7674
3901,4245
7294,6150
7195,1067
7727,424
2078,4667
7506,6249
1564,5094
4212,1273
5907,1096
7945,6848
7784,4308
183,2499
200,5389
3726,5486
7727,5279
3798,452
6215,4312
450,1184
1704,966
5184,998
4542,2733
4658,1228
2825,293
2998,7230
5629,5198
1569,7795
7305,5682
7115,3722
1589,2037
4484,352
228,6651
5733,4337
889,3542
1473,2919
7958,810
1977,2820
7744,5472
6894,2089
542,6147
5266,5057
864,5114
408,4173
4925,2018
5642,4236
1876,7688
5944,3654
7348,3456
142,4149
311,3428
191,7569
6857,2861
861,4663
6022,6439
2251,693
2882,6164
4426,2804
3874,992
1903,1346
1703,7227
2613,4411
2251,600
5359,2452
5700,6722
214,7876
2597,1814
5632,5648
5540,1057
4402,2865
5302,6614
6988,2467
3606,6508
4642,6797
6501,4818
4780,3208
6252,976
4819,2381
1533,6652
1131,1088
7799,1877
6592,211
6503,7999
7049,2520
5963,4955
3642,5159
563,4418
6581,936
3009,351
416,2046
4687,4070
1874,6801
5359,6709
4454,4150
77,5829
2162,1084
6001,1932
210,1941
1697,1395
1885,7455
5156,5103
2554,7054
5537,7486
2763,3448
4901,4928
582,2493
7363,5360
3749,7313
2389,5181
3892,6696
7073,5641
7687,3388
3543,2045
2446,7742
2679,967
1921,407
848,6129
5045,4121
99,6879
6545,4039
678,6181
794,4093
1444,5891
7529,62
194,7678
4735,6616
6428,2331
4591,2550
6029,699
4089,1474
5006,2574
3063,1908
5493,6197
4464,4604
4831,4344
5643,72
5225,224
1246,434
856,1971
5347,842
7449,2634
2635,5627
1570,5008
45,3932
7670,7321
4695,2581
1160,1692
7557,6444
4599,7247
2352,3115
6328,5534
3773,496
2002,1223
6998,5073
5890,4629
1878,3625
7742,5238
5918,4548
5206,7931
1029,4514
1271,3820
620,3884
7434,390
3247,2225
2617,3475
4407,4762
7570,6755
5868,7282
324,6444
6600,1356
3525,2876
4679,1680
4310,5846
7034,2150
5982,5361
6587,4030
6259,201
4283,5049
2104,4383
1847,695
2336,6484
4169,126
3857,5086
5403,131
4771,4196
1782,4249
6215,6780
5368,2163
2949,1726
1828,1431
925,6213
6740,2850
6223,1154
2569,3122
2615,7292
739,3251
2768,2920
620,1034
1689,2016
7886,7063
84,2116
2981,2347
811,4650
4207,1414
5742,1858
2912,395
1143,1035
6355,7874
4847,4972
6810,10
3945,1328
1654,2521
1707,6753
674,4465
3918,7167
3274,1570
6651,5982
6169,3318
1109,4505
2927,6908
7797,3766
3570,7540
7312,6680
4860,3156
3125,7195
1330,1973
5619,592
3828,1437
3736,2069
6064,4905
6548,1423
2193,599
6779,5830
3862,5998
6441,6366
253,6154
3967,5166
1885,5064
5708,7295
3027,7114
264,3875
1556,3495
5562,687
1570,5938
3129,1558
4058,6245
3343,2595
2985,7915
3449,4946
5087,5319
587,1292
2972,5412
5872,126
6695,3449
5199,3477
5597,4376
2442,2520
7878,3604
1760,4001
6531,1933
3378,7737
6564,6362
2659,5455
3606,4177
7256,5205
1529,6133
1310,3128
5456,61
7147,5561
466,3069
2557,6573
157,6323
7391,7821
714,2481
2186,5307
4635,6946
3752,4242
6481,5242
6452,6888
2458,2750
189,1891
4392,1517
2696,1589
7325,5514
1109,2485
354,3655
7546,667
5271,143
2476,3544
2981,3440
1245,3024
4527,6500
5631,1013
4326,4731
5734,577
1275,230
4299,6159
5680,5026
812,3927
7560,702
529,7940
6429,3595
7274,5492
5328,2464
2709,5195
2586,4743
2811,5748
3265,5768
6234,6262
807,1359
5149,2350
1277,700
5799,4847
4436,3079
4526,179
4756,462
644,636
6533,3453
1970,2187
4875,921
7677,5436
6447,1833
2634,6204
2839,5377
3549,5161
728,7020
2237,4
2082,7413
6644,2645
1626,6354
7539,6172
7941,7214
1106,7023
5151,5202
5428,4341
3212,3119
520,1341
4646,1162
7917,6460
6389,4
5229,3425
4732,965
2986,6359
7664,7493
3415,1494
2564,2487
6493,6694
5663,1170
5277,4018
431,1789
3477,3653
7639,470
7132,3107
4228,2462
3079,3398
6429,3013
686,7028
7897,4942
905,4921
3178,415
2867,6343
7767,2600
7377,6310
5159,6317
7180,6873
7801,1009
2169,2511
2609,4481
794,7427
205,3994
4350,6385
7253,7288
1987,6580
1585,3068
6844,5377
5652,2104
1837,7546
2390,3739
7411,6576
4384,2100
3905,4984
576,3364
4229,2024
477,869
936,2543
3716,1072
6068,5902
4512,4112
1361,2423
5321,6721
3880,6016
4851,3268
3817,324
1159,2178
39,2774
5774,3354
7904,6499
3146,1033
1691,7907
863,3765
6506,1276
2350,5462
1935,3315
1795,6722
3259,3919
6628,3347
7409,12
1994,6646
1418,7225
1644,4883
1425,239
7222,6996
398,622
1625,2261
3744,6997
7612,806
6275,1021
2320,4159
1970,4788
2625,5889
2918,5457
7368,6053
2300,5688
1949,3331
436,1516
7626,5249
6741,2892
5723,2838
4783,2604
4978,5434
3001,3153
950,7020
5656,4296
5739,95
769,3619
4510,5954
3829,1361
503,3691
1387,153
688,5279
6284,3827
6565,6400
88,5379
6465,7764
7974,1843
5592,4461
136,4844
660,6779
5965,4976
2822,3178
7007,2263
7710,1593
2061,99
1014,5273
6308,4354
6216,5373
7670,5601
4800,7492
1852,4008
6253,2369
7511,3605
1040,7139
1202,120
6551,3014
1028,840
5412,2197
6706,6177
5701,89
6545,923
7241,3107
6153,2312
2536,1682
405,7433
3809,258
4518,3853
6241,4497
487,4328
3999,4815
4252,2572
325,2497
2596,1574
1544,2706
7389,535
3416,3287
3750,1229
1075,3197
3520,7422
2837,3730
4109,6593
7946,3628
6395,4105
419,1594
122,3966
1223,2213
1448,1721
1313,2274
3791,604
55,5655
2244,7117
1178,7399
7728,6221
4473,5788
7083,1528
81,7792
6340,2587
6784,3768
2013,2861
823,7598
1331,7788
460,2329
3324,3349
3951,2971
7721,4864
2229,471
1995,1941
1360,3197
3602,1775
928,5875
5808,7179
5410,7969
667,3564
2694,1369
2226,1807
1311,6306
2295,1926
3124,1248
5690,2612
1267,4449
1431,868
4293,7238
5014,390
381,4300
1968,4422
7849,3382
7089,2186
1931,1689
6777,3593
1378,6467
4380,5059
3489,4681
1257,5792
6657,492
584,7785
7858,2087
3709,5533
4973,6040
6089,7985
1893,1608
1903,3240
2267,2137
1236,6538
7505,3467
4863,6404
2582,4522
3009,2588
1664,3928
4974,5774
4664,4019
1161,7752
47,6114
4478,6015
3887,2689
6600,684
844,6183
1715,1575
6841,1104
3771,4446
1398,7916
1812,1202
1063,3203
1667,4398
64,4163
4393,1444
1565,4967
2144,6822
3310,3462
4158,1822
4880,7734
3831,6347
6134,3099
7007,5016
3782,1935
780,154
4864,7599
1562,5415
7257,7360
1864,7885
2150,6141
1855,5046
3828,7294
2355,6934
884,3014
610,7950
7379,681
506,7713
5800,1624
4951,2383
4743,7371
1130,5587
179,842
7605,1142
559,5783
1970,1231
1013,699
596,4440
2432,2924
7141,5549
2564,2903
5582,3107
2686,2320
757,7746
1381,6612
5056,6497
4608,1015
7033,3997
2193,3438
3082,1845
3247,4603
2279,5381
7985,1841
7178,6621
1094,4963
1818,574
1058,2157
3557,496
5587,6494
7500,706
2930,4801
7550,1952
5364,6086
4188,7562
6112,3154
892,7799
2651,5536
1097,325
3039,7186
1288,4571
6538,2904
7029,2973
1939,5435
1996,4043
6423,7623
7523,6071
1553,7507
5556,7392
6121,5422
7097,880
2723,3880
5168,4367
5048,3962
6526,2402
1986,7827
2096,4452
5712,3776
1820,415
7961,6006
5734,582
14,6143
1054,882
6728,5056
6535,6199
2145,5155
4531,4515
1502,3045
6410,338
3786,893
2089,5681
4766,3432
5990,2253
6812,1741
5554,4951
2170,6290
2072,6327
4924,7931
5858,1417
5723,761
2330,1080
4513,3415
3118,1974
3286,6460
6573,725
7956,4894
7342,2373
2295,3460
7823,426
305,4597
2267,3737
1722,4866
261,1520
3812,237
1809,7759
2380,5493
5906,4023
7020,5887
2510,1213
1998,6179
4285,3626
2011,5072
1520,5426
4754,2332
7631,5263
596,5547
1979,1082
603,3643
5202,5254
3659,779
3536,7449
7201,5542
3858,1799
7112,6032
6647,1804
5002,1547
7199,5094
2979,6022
4629,6989
2674,1059
1353,1680
3209,2916
4790,590
7203,2545
3426,4365
6133,5576
7300,6394
7005,129
3967,1534
4663,2749
845,1337
975,107
6583,285
5104,6070
4736,5866
4763,4367
1954,3329
3795,6098
176,5223
1941,3543
6234,2009
4070,5592
4047,6855
3780,4346
765,7470
6782,1530
2163,533
6176,4149
104,3555
5958,2771
2965,2139
7697,6033
317,1526
6072,5675
4237,3228
1398,3618
3933,3262
5857,2479
6486,3282
411,5956
7791,1452
929,827
5712,4790
705,7710
3927,6028
3624,2642
6328,4790
1241,544
2302,4099
2874,4001
4977,6206
4745,2822
5712,4752
1580,6529
4798,1586
997,6228
1977,4364
1828,6132
7045,6895
7158,3225
5927,6572
540,6501
7309,15
7222,7918
1227,1403
7902,5610
2240,2467
1490,4214
6487,1442
1417,3971
4009,3064
6054,5213
6016,6114
6218,7513
2871,5461
2564,731
3517,4246
867,6466
5304,4409
4653,2480
3205,2612
2472,7609
2142,5471
6357,2791
5269,6730
2044,5416
1661,6843
5603,1173
743,450
1752,6047
7370,5243
5422,2264
7420,2400
5828,2075
1501,6152
704,3162
6867,7872
7899,3906
1583,2244
1238,397
6510,5339
7051,7523
540,1548
6430,686
7380,4096
2450,2745
3170,6710
6968,451
4873,1756
6210,1126
2336,7185
4661,7519
278,1333
6525,2361
4183,1257
5338,3035
3911,6248
7353,1002
7596,5377
6301,3612
7912,240
2044,283
4771,4312
6246,7121
5831,928
1888,4822
6501,6311
7247,2100
5301,37
5328,5651
3834,2847
868,7942
1668,1350
5513,3120
3919,2349
3748,3092
1801,1638
3545,4857
1905,5304
6461,694
731,3326
4771,927
3344,4831
5523,1228
1042,2149
409,2818
5564,6524
7161,4225
5832,4490
4288,3370
4075,1765
4341,1098
4123,7605
5167,3783
4656,7848
320,5477
4776,3019
2511,6518
5893,5452
7748,2972
849,7177
412,5372
6594,7060
7516,4673
6648,3654
1441,7178
7330,2684
6550,562
7681,7795
576,57
2501,4732
7476,5971
7315,6299
936,397
1384,1730
3686,1048
6999,1637
7644,4532
4590,1914
4817,5498
5111,5071
5362,5126
1882,775
1482,2111
7968,2802
1169,2884
1938,3080
3547,500
1152,5826
6897,4634
413,86
6653,1204
6919,2829
7902,5022
357,2050
3292,3232
2858,4217
3893,3024
4150,2777
4566,7845
219,1799
421,1050
2044,4961
5243,1723
2002,5780
2543,4112
1352,6107
7118,2019
518,7829
7398,6254
2188,6081
1985,38
2868,6744
3503,926
5658,1222
4413,6554
1303,7111
386,3569
